Actor,Character,SEID
Jerry Seinfeld,Jerry Seinfeld,S01E00
Jason Alexander,George Costanza,S01E00
Michael Richards,Kessler,S01E00
Lee Garlington,Claire,S01E00
Pamela Brull,Laura,S01E00
Jerry Seinfeld,Jerry Seinfeld,S01E01
Jason Alexander,George Costanza,S01E01
Julia Louis-Dreyfus,Elaine Benes,S01E01
Michael Richards,Kramer,S01E01
Lynn Clark,Vanessa,S01E01
Phil Bruns,Morty Seinfeld,S01E01
Liz Sheridan,Helen Seinfeld,S01E01
Maud Winchester,Pamela,S01E01
William Fair,Roger,S01E01
Ron Steelman,Artie Levine,S01E01
Joe George,Uncle Mac,S01E01
Ellen Gerstein,Carol,S01E01
Janet Rotblatt,Woman,S01E01
Jerry Seinfeld,Jerry Seinfeld,S01E02
Jason Alexander,George Costanza,S01E02
Julia Louis-Dreyfus,Elaine Benes,S01E02
Michael Richards,Kramer,S01E02
Anita Wise,Waitress,S01E02
James F. Dean,Larry,S01E02
Kimberley Kates,Diane,S01E02
Bradford English,Cop,S01E02
David Blackwood,Man #1,S01E02
George Simms,Man #2,S01E02
Jerry Seinfeld,Jerry Seinfeld,S01E03
Jason Alexander,George Costanza,S01E03
Julia Louis-Dreyfus,Elaine Benes,S01E03
Michael Richards,Kramer,S01E03
Kevin Dunn,Joel,S01E03
Anita Wise,Waitress,S01E03
Frank Piazza,Customer,S01E03
Kimberley LaMarque,Teller,S01E03
Jerry Seinfeld,Jerry Seinfeld,S01E04
Jason Alexander,George Costanza,S01E04
Julia Louis-Dreyfus,Elaine Benes,S01E04
Michael Richards,Kramer,S01E04
Lynn Clark,Vanessa,S01E04
Ted Davis,Dry Cleaner,S01E04
Jill C. Klein,Waitress,S01E04
Benjamin Lum,Stock Boy,S01E04
Jerry Seinfeld,Jerry Seinfeld,S02E01
Jason Alexander,George Costanza,S02E01
Julia Louis-Dreyfus,Elaine Benes,S02E01
Michael Richards,Kramer,S02E01
Tracy Kolis,Marlene,S02E01
Karen Barcus,Receptionist,S02E01
Jerry Seinfeld,Jerry Seinfeld,S02E02
Jason Alexander,George Costanza,S02E02
Julia Louis-Dreyfus,Elaine Benes,S02E02
Michael Richards,Kramer,S02E02
Rozsika Halmos,Manya,S02E02
David Fresco,Isaac,S02E02
Scott N. Stevens,Intern,S02E02
Earl Boen,Eulogist,S02E02
Liz Sheridan,Helen Seinfeld,S02E02
Morty Seinfeld,Barney Martin,S02E02
Len Lesser,Uncle Leo,S02E02
Jerry Seinfeld,Jerry Seinfeld,S02E03
Jason Alexander,George Costanza,S02E03
Julia Louis-Dreyfus,Elaine Benes,S02E03
Michael Richards,Kramer,S02E03
Lawrence Tierney,Alton Benes,S02E03
Frantz Turner,Salesman,S02E03
Susanne Spoke,Customer,S02E03
Harry Hart-Browne,Manager,S02E03
Jerry Seinfeld,Jerry Seinfeld,S02E04
Jason Alexander,George Costanza,S02E04
Julia Louis-Dreyfus,Elaine Benes,S02E04
Michael Richards,Kramer,S02E04
Tory Polone,Carol,S02E04
Gretchen German,Donn,S02E04
Jerry Seinfeld,Jerry Seinfeld,S02E05
Jason Alexander,George Costanza,S02E05
Julia Louis-Dreyfus,Elaine Benes,S02E05
Michael Richards,Kramer,S02E05
Tony Plana,Manny,S02E05
Glenn Shadix,Harold,S02E05
Jeanine Jackson,Roxanne,S02E05
Leslie Neale,Rita,S02E05
Theresa Randle,Janice,S02E05
Patricia Amaye Thomson,Susie,S02E05
Melody Ryane,Joanne,S02E05
David Blackwood,Stan,S02E05
Jerry Seinfeld,Jerry Seinfeld,S02E06
Jason Alexander,George Costanza,S02E06
Julia Louis-Dreyfus,Elaine Benes,S02E06
Michael Richards,Kramer,S02E06
Michael D. Conway,Ray,S02E06
Nurit Koppel,Rava,S02E06
Jerry Seinfeld,Jerry Seinfeld,S02E07
Jason Alexander,George Costanza,S02E07
Julia Louis-Dreyfus,Elaine Benes,S02E07
Michael Richards,Kramer,S02E07
Fred Applegate,Levitan,S02E07
John Capodice,Vic,S02E07
Teri Austin,Ava,S02E07
Patrika Darbo,Glenda,S02E07
Marcus Smythe,Dan,S02E07
John Hillner,Greeny,S02E07
Deck McKenzie,Bill,S02E07
Larry David,Voice of Newman (uncredited),S02E07
Newman,(uncredited voice only in syndicated reruns (see note),S02E07
Jerry Seinfeld,Jerry Seinfeld,S02E08
Jason Alexander,George Costanza,S02E08
Julia Louis-Dreyfus,Elaine Benes,S02E08
Michael Richards,Kramer,S02E08
Stephen Tobolowsky,Tor,S02E08
John Posey,Dr Fein,S02E08
John Fleck,Attendant,S02E08
Jimmy Woodward,Driver,S02E08
Pat Hazell,Man in Other Bed,S02E08
Sharon McKnight,The Nurse,S02E08
Thomas Wagner,The Cook,S02E08
Heather James,The Waitress,S02E08
Jerry Seinfeld,Jerry Seinfeld,S02E09
Jason Alexander,George Costanza,S02E09
Julia Louis-Dreyfus,Elaine Benes,S02E09
Michael Richards,Kramer,S02E09
Siobhan Fallon,Tina,S02E09
Norman Brenner,Clerk,S02E09
Jerry Seinfeld,Jerry Seinfeld,S02E10
Jason Alexander,George Costanza,S02E10
Julia Louis-Dreyfus,Elaine Benes,S02E10
Michael Richards,Kramer,S02E10
Christine Dunford,Leslie,S02E10
Vic Polizos,Tabachnik,S02E10
James Lashly,Assistant,S02E10
Margaret Reed,Mary,S02E10
George C. Simms,FBI Man,S02E10
Marla Fries,Stewardess,S02E10
Don Perry,Passenger,S02E10
Kate Mulligan,Party Guest,S02E10
Audrey Frantz,Party Guest,S02E10
Jerry Seinfeld,Jerry Seinfeld,S02E11
Jason Alexander,George Costanza,S02E11
Julia Louis-Dreyfus,Elaine Benes,S02E11
James Hong,Bruce,S02E11
David Tress,Mr Cohen,S02E11
Judy Kain,Lorraine,S02E11
Kate Benton,Woman on Phone,S02E11
Michael Mitz,Phone Guy,S02E11
Kendall McCarthy,Man,S02E11
Jerry Seinfeld,Jerry Seinfeld,S02E12
Jason Alexander,George Costanza,S02E12
Julia Louis-Dreyfus,Elaine Benes,S02E12
Michael Richards,CKramer,S02E12
David Labiosa,Antonio,S02E12
Doug Ballard,Eddie,S02E12
John Del Regno,Manager,S02E12
Jerry Seinfeld,Jerry Seinfeld,S03E01
Jason Alexander,George Costanza,S03E01
Julia Louis-Dreyfus,Elaine Benes,S03E01
Michael Richards,Cosmo Kramer,S03E01
Ralph Bruneau,Lloyd,S03E01
Terri Hanauer,Julianna,S03E01
Jeff Lester,Raymond,S03E01
Flo Di Re,Receptionist,S03E01
Liz Georges,Pam,S03E01
Paul Rogers,Man in Waiting Room,S03E01
Dale Raoul,Dental Patient,S03E01
Joshua Liebling,Billy,S03E01
Jerry Seinfeld,Jerry Seinfeld,S03E02
Jason Alexander,George Costanza,S03E02
Julia Louis-Dreyfus,Elaine Benes,S03E02
Michael Richards,Kramer,S03E02
Valerie Mahaffey,Patrice,S03E02
Siobhan Fallon,Tina,S03E02
Jerry Seinfeld,Jerry Seinfeld,S03E03
Jason Alexander,George Costanza,S03E03
Julia Louis-Dreyfus,Elaine Benes,S03E03
Michael Richards,Kramer,S03E03
Ann Morgan Guilbert,Evelyn,S03E03
Annie Korzen,Doris Klompus,S03E03
Magda Harout,Stella,S03E03
Roger Nolan,The Chiropractor,S03E03
Tucker Smallwood,The Photographer,S03E03
Jerry Seinfeld,Jerry Seinfeld,S03E04
Jason Alexander,George Costanza,S03E04
Julia Louis-Dreyfus,Elaine Benes,S03E04
Michael Richards,Kramer,S03E04
Joseph Maher,Gavin,S03E04
Tom Williams,Bark of the Dog,S03E04
Marvin Wright-Bey,Attendant #1,S03E04
Kelly Wellman,Attendant #2,S03E04
Jerry Seinfeld,Jerry Seinfeld,S03E05
Jason Alexander,George Costanza,S03E05
Julia Louis-Dreyfus,Elaine Benes,S03E05
Michael Richards,Kramer,S03E05
Philip Baker Hall,Lt Bookman,S03E05
Ashley Gardener,Marion,S03E05
Harris Shore,Mr Lippman,S03E05
Cynthia Szigeti,Sandy,S03E05
Biff Yeager,Heyman,S03E05
Neal Lerner,"The ""Shusher""",S03E05
Marie Barrientos,The Receptionist,S03E05
Jerry Seinfeld,Jerry Seinfeld,S03E06
Jason Alexander,George Costanza,S03E06
Julia Louis-Dreyfus,Elaine Benes,S03E06
Michael Richards,Kramer,S03E06
David Dunard,Security Guard,S03E06
Cynthia Ettinger,Michele,S03E06
Gregory Daniel,Man in Corvette,S03E06
Carlyle King,The Mother,S03E06
Adam Wylie,The Kid,S03E06
Joe Farago,Man With Woman,S03E06
Ron Evans,Bodybuilder,S03E06
Tucker Smallwood,Man in Mercedes,S03E06
Jerry Seinfeld,Jerry Seinfeld,S03E07
Jason Alexander,George Costanza,S03E07
Julia Louis-Dreyfus,Elaine Benes,S03E07
Michael Richards,Kramer,S03E07
Brian George,Babu Bhatt,S03E07
Dawn Arnemann,Monica,S03E07
Jerry Seinfeld,Jerry Seinfeld,S03E08
Jason Alexander,George Costanza,S03E08
Julia Louis-Dreyfus,Elaine Benes,S03E08
Michael Richards,Kramer,S03E08
John Apicella,Repairman,S03E08
Ping Wu,Delivery Boy (Ping),S03E08
Norman Brenner,Beder,S03E08
Jerry Seinfeld,Jerry Seinfeld,S03E09
Jason Alexander,George Costanza,S03E09
Julia Louis-Dreyfus,Elaine Benes,S03E09
Michael Richards,Kramer,S03E09
Susan Diol,Audrey,S03E09
Roy Brocksmith,Landlord,S03E09
Tawny Kitaen,Isabel,S03E09
Joseph V. Perry,Newsstand Owner,S03E09
David Blackwood,Interviewer,S03E09
Jerry Seinfeld,Jerry Seinfeld,S03E10
Jason Alexander,George Costanza,S03E10
Julia Louis-Dreyfus,Elaine Benes,S03E10
Michael Richards,Kramer,S03E10
Michael Chiklis,Steve,S03E10
Teri Austin,Ava,S03E10
Bobbi Jo Lathan,Patti,S03E10
Gwen Shepherd,Cashier,S03E10
Dwayne Kennedy,Frank,S03E10
Marcia Firesten,Jenny,S03E10
Michael Milhoan,Security Guard,S03E10
John Putch,Roy,S03E10
Melissa Weil,Gwen,S03E10
Ellen Ratner,Ellen,S03E10
Frank Piazza,Cop,S03E10
Jerry Seinfeld,Jerry Seinfeld,S03E11
Jason Alexander,George Costanza,S03E11
Julia Louis-Dreyfus,Elaine Benes,S03E11
Michael Richards,Kramer,S03E11
Jay Brooks,Sid,S03E11
Janet Zarish,Rental Car Agent,S03E11
Edward Penn,Owen March,S03E11
Jeff Barton,Paramedic,S03E11
Jerry Seinfeld,Jerry Seinfeld,S03E12
Jason Alexander,George Costanza,S03E12
Julia Louis-Dreyfus,Elaine Benes,S03E12
Michael Richards,Kramer,S03E12
David Naughton,Dick,S03E12
Bridget Sienna,Evie (Cleaning Woman),S03E12
Rachel Davies,Saleswoman,S03E12
Richard Fancy,Mr Lippman,S03E12
Jerry Seinfeld,Jerry Seinfeld,S03E13
Jason Alexander,George Costanza,S03E13
Julia Louis-Dreyfus,Elaine Benes,S03E13
Michael Richards,Kramer,S03E13
Ernie Sabella,Naked Man,S03E13
Barbara Stock,Scam Woman,S03E13
Rhoda Gemignani,Woman with Elaine,S03E13
Mark Boone Junior,OTB Patron,S03E13
Christopher Collins,Thug,S03E13
Barry Vigon,Player #1,S03E13
Joe Restivo,Player #2,S03E13
Daryl Roach,Violinist/Cop,S03E13
Chet Nelson,Kid,S03E13
Jerry Seinfeld,Jerry Seinfeld,S03E14
Jason Alexander,George Costanza,S03E14
Julia Louis-Dreyfus,Elaine Benes,S03E14
Michael Richards,Kramer,S03E14
Elizabeth Morehead,Noel,S03E14
Fred Sanders,John,S03E14
Bill Applebaum,D'Giff,S03E14
Allen Bloomfield,Polar Bear,S03E14
Chris Barnes,Richie,S03E14
Steve Kehela,Intervenor,S03E14
Kate Benton,Roberta,S03E14
Jerry Seinfeld,Jerry Seinfeld,S03E15
Jason Alexander,George Costanza,S03E15
Julia Louis-Dreyfus,Elaine Benes,S03E15
Michael Richards,Kramer,S03E15
Gina Gallego,Gina,S03E15
Mimi Lieber,Rula,S03E15
C.E. Grimes,Martin,S03E15
Howard Schecter,Doctor,S03E15
Aimee Aro,Faithy,S03E15
Peggy Lane O'Rourke,Nurse,S03E15
Wayne Knight,Newman,S03E15
Jerry Seinfeld,Jerry Seinfeld,S03E16
Jason Alexander,George Costanza,S03E16
Julia Louis-Dreyfus,Elaine Benes,S03E16
Michael Richards,Kramer,S03E16
Maggie Jakobson,Cynthia,S03E16
Jerry Seinfeld,Jerry Seinfeld,S03E17
Jason Alexander,George Costanza,S03E17
Julia Louis-Dreyfus,Elaine Benes,S03E17
Michael Richards,Kramer,S03E17
Keith Hernandez,Himself,S03E17
Rae Allen,Mrs (Lenore) Sokol,S03E17
Richard Assad,Cabbie,S03E17
Wayne Knight,Newman,S03E17
Jerry Seinfeld,Jerry Seinfeld,S03E18
Jason Alexander,George Costanza,S03E18
Julia Louis-Dreyfus,Elaine Benes,S03E18
Michael Richards,Kramer,S03E18
Keith Hernandez,Himself,S03E18
Rae Allen,Mrs (Lenore) Sokol,S03E18
Carol Ann Susi,Carrie,S03E18
Lisa Mende,Carol,S03E18
Roger McDowell,Himself,S03E18
Stephen Prutting,Michael,S03E18
Richard Assad,Cabbie,S03E18
Melanie Good,Woman,S03E18
Wayne Knight,Newman,S03E18
Jerry Seinfeld,Jerry Seinfeld,S03E19
Jason Alexander,George Costanza,S03E19
Julia Louis-Dreyfus,Elaine Benes,S03E19
Michael Richards,Kramer,S03E19
Peter Krause,Tim,S03E19
Suzanne Snyder,Eva,S03E19
Jeremy Roberts,Chauffeur,S03E19
Jodi Baskerville,Herself,S03E19
I.M. Hobson,Businessman,S03E19
Harley Venton,Dan,S03E19
Adam Leslie,Man at Protest,S03E19
Norman Brenner,Man at Airport,S03E19
Aaron Kanarek,Protester #1,S03E19
Ray Glanzmann,Protester #2,S03E19
Jerry Seinfeld,Jerry Seinfeld,S03E20
Jason Alexander,George Costanza,S03E20
Julia Louis-Dreyfus,Elaine Benes,S03E20
Michael Richards,Kramer,S03E20
Melinda McGraw,Angela,S03E20
Ann Talman,Robin,S03E20
Joseph Malone,Michael,S03E20
Helen Slater,Becky Gelke (uncredited),S03E20
Jerry Seinfeld,Jerry Seinfeld,S03E21
Jason Alexander,George Costanza,S03E21
Julia Louis-Dreyfus,Elaine Benes,S03E21
Michael Richards,Kramer,S03E21
Catherine Keener,Nina,S03E21
Richard Venture,Leonard West,S03E21
Elliott Reid,Mr Armstrong,S03E21
Justine Johnston,Mrs Armstrong,S03E21
Shashawnee Hall,Usher,S03E21
Richard Fancy,Mr Lippman,S03E21
Jerry Seinfeld,Jerry Seinfeld,S03E22
Jason Alexander,George Costanza,S03E22
Julia Louis-Dreyfus,Elaine Benes,S03E22
Michael Richards,Kramer,S03E22
Lee Arenberg,Mike Moffit,S03E22
Jay Brooks,Sid,S03E22
Maryedith Burrell,Maryedith,S03E22
Shannon Cochran,Sheila,S03E22
Zachary Charles,Angry Man,S03E22
Michael A. Costanza,Truck Driver,S03E22
Mik Scriba,Cop #1,S03E22
Stan Sellers,Cop #2,S03E22
John Christian Graas,Matthew,S03E22
Peggy Lane O'Rourke,Bystander #1,S03E22
Steven Marcus Gibbs,Bystander #2,S03E22
Wayne Knight,Newman,S03E22
Jerry Seinfeld,Jerry Seinfeld,S03E23
Jason Alexander,George Costanza,S03E23
Julia Louis-Dreyfus,Elaine Benes,S03E23
Michael Richards,Kramer,S03E23
Nina Tremblay,Jerry's Girlfriend,S03E23
Eric Allan Kramer,Biker,S03E23
Ricky Dean Logan,Hippie #1,S03E23
Sharon Barr,Trucker,S03E23
Maud Winchester,Hippie #2,S03E23
Heather James,Waitress,S03E23
Carissa Channing,Kramer's Girlfriend,S03E23
Candice Bergen,Herself (as Murphy Brown),S03E23
Wayne Knight,Newman,S03E23
Jerry Seinfeld,Jerry Seinfeld,S04E01
Jason Alexander,George Costanza,S04E01
Julia Louis-Dreyfus,Elaine Benes,S04E01
Michael Richards,Kramer,S04E01
Peter Murnik,Lt Martel,S04E01
Elmarie Wendel,Helene,S04E01
Debi A. Monahan,Chelsea,S04E01
Ricky Dean Logan,The Freak,S04E01
Vaughn Armstrong,Lt Coleman,S04E01
Keith Morrison,Newscaster (Himself),S04E01
Manfred Melcher,Officer,S04E01
Christopher Michael Moore,Studio Guard,S04E01
Dyana Ortelli,Chambermaid (Lupe),S04E01
Michael Gerard,Receptionist,S04E01
Fred Savage,(Himself),S04E01
George Wendt,(Himself),S04E01
Corbin Bernsen,(Himself),S04E01
Jerry Seinfeld,Jerry Seinfeld,S04E02
Jason Alexander,George Costanza,S04E02
Julia Louis-Dreyfus,Elaine Benes,S04E02
Michael Richards,Kramer,S04E02
Peter Murnik,Lt Martel,S04E02
Elmarie Wendel,Helene,S04E02
Marty Rackham,Officer #1,S04E02
Peter Parros,Officer #2,S04E02
Vaughn Armstrong,Lt Coleman,S04E02
Clint Howard,Tobias Lehigh Nagy,S04E02
Steve Greenstein,Man,S04E02
Kerry Leigh Michaels,Woman,S04E02
Keith Morrison,Newscaster (Himself),S04E02
Peggy Lane O'Rourke,Reporter #1,S04E02
Deck McKenzie,Reporter #2,S04E02
Steve Dougherty,Prison Guard,S04E02
Jerry Seinfeld,Jerry Seinfeld,S04E03
Jason Alexander,George Costanza,S04E03
Julia Louis-Dreyfus,Elaine Benes,S04E03
Michael Richards,Kramer,S04E03
Kevin Page,Stu,S04E03
Stephen McHattie,Psychiatrist (Dr Reston),S04E03
Peter Blood,Jay,S04E03
Julie Blum,Receptionist,S04E03
Steve Skrovan,Tommy,S04E03
Ron Ross,Homeless Man,S04E03
Wayne Knight,Newman,S04E03
Bob Balaban,Russell Dalrimple,S04E03
Heidi Swedberg,Susan Biddle Ross,S04E03
Peter Crombie,"Crazy"" Joe Davola?",S04E03
Jerry Seinfeld,Jerry Seinfeld,S04E04
Jason Alexander,George Costanza,S04E04
Julia Louis-Dreyfus,Elaine Benes,S04E04
Michael Richards,Kramer,S04E04
Kevin Page,Stu,S04E04
Steve Eastin,Cop #1,S04E04
David Graf,Cop #2,S04E04
Al Fann,Judge,S04E04
Stephen McHattie,Psychiatrist (Dr Reston),S04E04
Peter Blood,Jay,S04E04
Julie Blum,Receptionist,S04E04
Wayne Knight,Newman,S04E04
Bob Balaban,Russell Dalrimple,S04E04
Heidi Swedberg,Susan Biddle Ross,S04E04
Len Lesser,Uncle Leo,S04E04
Jerry Seinfeld,Jerry Seinfeld,S04E05
Jason Alexander,George Costanza,S04E05
Julia Louis-Dreyfus,Elaine Benes,S04E05
Michael Richards,Kramer,S04E05
Stephen McHattie,Dr Reston,S04E05
David Sage,Dr Dembrow,S04E05
Susan Ilene Johnson,Nurse,S04E05
Denise Dowse,Receptionist,S04E05
Brian Leckner,Attendant,S04E05
Liz Sheridan,Helen Seinfeld,S04E05
Barney Martin,Morty Seinfeld,S04E05
Len Lesser,Uncle Leo,S04E05
Heidi Swedberg,Susan Biddle Ross,S04E05
Jerry Seinfeld,Jerry Seinfeld,S04E06
Jason Alexander,George Costanza,S04E06
Julia Louis-Dreyfus,Elaine Benes,S04E06
Michael Richards,Kramer,S04E06
Stephen McHattie,Dr Reston,S04E06
Jessica Lundy,Naomi,S04E06
Christopher Carroll,Maitre d',S04E06
Lewis Dauber,Doorman,S04E06
Mimi Craven,Cynthia,S04E06
Barney Martin,Morty Seinfeld,S04E06
Liz Sheridan,Helen Seinfeld,S04E06
Bob Balaban,Russell Dalrimple,S04E06
Len Lesser,Uncle Leo,S04E06
Heidi Swedberg,Susan Biddle Ross,S04E06
Peter Crombie,"Crazy"" Joe Davola?",S04E06
Jerry Seinfeld,Jerry Seinfeld,S04E07
Jason Alexander,George Costanza,S04E07
Julia Louis-Dreyfus,Elaine Benes,S04E07
Michael Richards,Kramer,S04E07
Jessica Lundy,Naomi,S04E07
Brian Doyle-Murray,Mel,S04E07
Carol Mansell,Mother,S04E07
O-lan Jones,Waitress,S04E07
Jon Hayman,Voice and Arm of Donald (The Bubble Boy),S04E07
George Gerdes,Man #1,S04E07
Tony Pappenfuss,Man #2,S04E07
Heidi Swedberg,Susan Biddle Ross,S04E07
Jerry Seinfeld,Jerry Seinfeld,S04E08
Jason Alexander,George Costanza,S04E08
Julia Louis-Dreyfus,Elaine Benes,S04E08
Michael Richards,Kramer,S04E08
Warren Frost,Mr Henry Ross,S04E08
Grace Zabriskie,Mrs Ross,S04E08
Lisa Malkiewicz,Sandra,S04E08
Miguel Perez,Luis,S04E08
Vanessa Marquez,Receptionist,S04E08
Timothy Omundson,Ricky Ross,S04E08
Patricia Lee Willson,Sara Ross,S04E08
David Blackwood,Doorman,S04E08
Heidi Swedberg,Susan Biddle Ross,S04E08
Jerry Seinfeld,Jerry Seinfeld,S04E09
Jason Alexander,George Costanza,S04E09
Julia Louis-Dreyfus,Elaine Benes,S04E09
Michael Richards,Kramer,S04E09
Ross Evans,Mr Reichman,S04E09
Hariet S. Miller,Mrs Reichman,S04E09
Bill Saluga,Usher,S04E09
Tom Celli,Man #1,S04E09
Jason Wingreen,Man #2,S04E09
Glen Chin,Man #3,S04E09
Peter Crombie,"Crazy"" Joe Davola",S04E09
Heidi Swedberg,Susan Biddle Ross,S04E09
Jerry Seinfeld,Jerry Seinfeld,S04E10
Jason Alexander,George Costanza,S04E10
Julia Louis-Dreyfus,Elaine Benes,S04E10
Michael Richards,Kramer,S04E10
Anne Twomey,Rita,S04E10
Jane Leeves,Marla (The Virgin),S04E10
Kevin Page,Stu,S04E10
Ping Wu,Ping,S04E10
Leah Lail,Stacy,S04E10
Peter Blood,Jay,S04E10
Derya Ruggles,Woman in Bar,S04E10
Dayna Winston,Carol,S04E10
Julie Blum,Receptionist,S04E10
Heidi Swedberg,Susan Biddle Ross,S04E10
Jerry Seinfeld,Jerry Seinfeld,S04E11
Jason Alexander,George Costanza,S04E11
Julia Louis-Dreyfus,Elaine Benes,S04E11
Michael Richards,Kramer,S04E11
Jane Leeves,Marla,S04E11
Ilana Levine,Joyce,S04E11
Rachel Sweet,Shelly,S04E11
Andrea Parker,Nurse,S04E11
Estelle Harris,Estelle Costanza,S04E11
Jerry Seinfeld,Jerry Seinfeld,S04E12
Jason Alexander,George Costanza,S04E12
Julia Louis-Dreyfus,Elaine Benes,S04E12
Michael Richards,Kramer,S04E12
Jennifer Campbell,Tia,S04E12
Scott Burkholder,Prisoner,S04E12
Jim J. Bullock,Attendant #1,S04E12
Allan Wasserman,Grossbard,S04E12
Lenny Rose,Passenger #1,S04E12
Karen Denise Williams,Attendant #2,S04E12
Annie Korzen,Passenger #2,S04E12
Deck McKenzie,Security Guard,S04E12
Maggie Egan,Ticket Clerk,S04E12
Mark Christopher Lawrence,Sky Cap,S04E12
Jack Graiman,Cop,S04E12
William Evan Masters,Driver,S04E12
Jerry Seinfeld,Jerry Seinfeld,S04E13
Jason Alexander,George Costanza,S04E13
Julia Louis-Dreyfus,Elaine Benes,S04E13
Michael Richards,Kramer,S04E13
Jennifer Campbell,Tia,S04E13
Gina Hecht,Dana Foley,S04E13
Nicholas Hormann,Calvin Klein,S04E13
Tony Carlin,Fred,S04E13
Francois Giroday,Male Executive,S04E13
Blaire Baron,Female Executive,S04E13
Steve Schubert,Man in Office,S04E13
Heidi Swedberg,Susan Biddle Ross,S04E13
Wayne Knight,Newman,S04E13
Jerry Seinfeld,Jerry Seinfeld,S04E14
Jason Alexander,George Costanza,S04E14
Julia Louis-Dreyfus,Elaine Benes,S04E14
Michael Richards,Kramer,S04E14
Barry Diamond,Buckles,S04E14
Perry Anzilotti,Usher,S04E14
Tom La Grua,Kernis,S04E14
Eric Poppick,Maurice,S04E14
Cathy Lind Hayes,Woman Behind Elaine,S04E14
Allan Kolman,Cab Driver,S04E14
Molly Cleator,Cashier,S04E14
Christie Mellor,Concessionaire,S04E14
Jeff Norman,Man in Line,S04E14
Paul Eisenhauer,Man in Theatre,S04E14
Montrose Hagins,Woman in Theatre,S04E14
Jerry Seinfeld,Jerry Seinfeld,S04E15
Jason Alexander,George Costanza,S04E15
Julia Louis-Dreyfus,Elaine Benes,S04E15
Michael Richards,Kramer,S04E15
Brian George,Babu Bhatt,S04E15
Maggie Han,Cheryl,S04E15
Ping Wu,Ping,S04E15
John Hamelin,Babu's Brother,S04E15
Gerry Bednob,Babu's Friend,S04E15
Jerry Seinfeld,Jerry Seinfeld,S04E16
Jason Alexander,George Costanza,S04E16
Julia Louis-Dreyfus,Elaine Benes,S04E16
Michael Richards,Kramer,S04E16
Gina Hecht,Dana (Foley),S04E16
Anita Barone,Gail Cunningham,S04E16
Michael Ornstein,Waiter,S04E16
Denise Lee Richards,Molly,S04E16
Bob Balaban,Russell Dalrimple,S04E16
Jerry Seinfeld,Jerry Seinfeld,S04E17
Jason Alexander,George Costanza,S04E17
Julia Louis-Dreyfus,Elaine Benes,S04E17
Michael Richards,Kramer,S04E17
Paula Marshall,Sharon,S04E17
Kari Coleman,Allison,S04E17
Anthony Mangano,Sailor,S04E17
Ben Reed,Male Nurse,S04E17
Lawrence A. Mandley,Manager,S04E17
Charley Garrett,Man #1,S04E17
Deck McKenzie,Scott,S04E17
David Gibbs,Man #2,S04E17
Liz Sheridan,Helen Seinfeld,S04E17
Barney Martin,Morty Seinfeld,S04E17
Estelle Harris,Estelle Costanza,S04E17
Jerry Seinfeld,Jerry Seinfeld,S04E18
Jason Alexander,George Costanza,S04E18
Julia Louis-Dreyfus,Elaine Benes,S04E18
Michael Richards,Kramer,S04E18
Bill Erwin,Sid,S04E18
Tobin Bell,Ron,S04E18
Robert Donley,Ben,S04E18
Lanei Chapman,Housekeeper,S04E18
Victoria Dillard,Agency Rep,S04E18
Jerry Hauck,Tim,S04E18
Wayne Knight,Newman,S04E18
Jerry Seinfeld,Jerry Seinfeld,S04E19
Jason Alexander,George Costanza,S04E19
Julia Louis-Dreyfus,Elaine Benes,S04E19
Michael Richards,Kramer,S04E19
Teri Hatcher,Sidra,S04E19
Megan Mullally,Betsy,S04E19
Carol Rosenthal,Ticket Clerk #1,S04E19
Donald Bishop,Dr Allenwood,S04E19
Tony Amendola,Rushdie,S04E19
Kieran Mulroney,Timmy,S04E19
Peggy Stewart,Aunt May,S04E19
Bruce E. Morrow,Father Jessup,S04E19
Susan Beaubian,Ticket Clerk #2,S04E19
Jerry Seinfeld,Jerry Seinfeld,S04E20
Jason Alexander,George Costanza,S04E20
Julia Louis-Dreyfus,Elaine Benes,S04E20
Michael Richards,Kramer,S04E20
Susan Walters,Mystery Woman / Mulva (Delores),S04E20
Sherman Howard,Roy,S04E20
Victor Raider-Wexler,Doctor,S04E20
Jerry Seinfeld,Jerry Seinfeld,S04E21
Jason Alexander,George Costanza,S04E21
Julia Louis-Dreyfus,Elaine Benes,S04E21
Michael Richards,Kramer,S04E21
Michael Des Barres,Restaurateur,S04E21
Nick Bakay,Carl,S04E21
Kari Coleman,Allison,S04E21
Taylor Negron,Hairdresser,S04E21
Courtney Gains,Clerk,S04E21
Raf Mauro,Car Washer,S04E21
Viveka Davis,Mona,S04E21
Robert Noble,Salesman,S04E21
Patricia Place,Wife,S04E21
Walt Beaver,Husband,S04E21
Heidi Swedberg,Susan Biddle Ross,S04E21
Jerry Seinfeld,Jerry Seinfeld,S04E22
Jason Alexander,George Costanza,S04E22
Julia Louis-Dreyfus,Elaine Benes,S04E22
Michael Richards,Kramer,S04E22
John Randolph,Frank Costanza (see NOTE),S04E22
Richard Portnow,Ray,S04E22
Rick Overton,The Drake,S04E22
Nancy Lenehan,Volunteer,S04E22
Elizabeth Dennehy,Allison,S04E22
Kathy Kinney,Bystander,S04E22
Fritzi Burr,Maj-Jongg Lady #1,S04E22
Norma Janis,Maj-Jongg Lady #2,S04E22
Ina Parker,Maj-Jongg Lady #3,S04E22
Marvin Braverman,Cop,S04E22
David Blackwood,Security Guard,S04E22
Eric Fleeks,Kicker,S04E22
Donna Evans,Lula,S04E22
Jerry Stiller,Frank Costanza,S04E22
Estelle Harris,Estelle Costanza,S04E22
Jerry Seinfeld,Jerry Seinfeld,S04E23
Jason Alexander,George Costanza,S04E23
Julia Louis-Dreyfus,Elaine Benes,S04E23
Michael Richards,Kramer,S04E23
Anne Twomey,Rita,S04E23
Gina Hecht,Dana Foley,S04E23
Jeremy Piven,Michael Barth (TV George),S04E23
Larry Hankin,Tom Pepper (TV Kramer),S04E23
Kevin Page,Stu,S04E23
Mariska Hargitay,Melissa,S04E23
Laura Waterbury,Casting Director,S04E23
Elena Wohl,Sandi Robbins (TV Elaine),S04E23
Bruce Jarchow,Doctor,S04E23
Al Ruscio,Manager,S04E23
Richard Gant,Fred,S04E23
Peter Blood,Jay,S04E23
Roger Rose,Mark,S04E23
Samantha Dorman,Waitress,S04E23
Erick Avari,Cabbie,S04E23
Bob Shaw,Paul,S04E23
Stephen Burrows,David,S04E23
Bob Balaban,Russell Dalrimple,S04E23
Peter Crombie,"Crazy"" Joe Davola",S04E23
Jerry Seinfeld,Jerry Seinfeld,S04E24
Jason Alexander,George Costanza,S04E24
Julia Louis-Dreyfus,Elaine Benes,S04E24
Michael Richards,Kramer,S04E24
Anne Twomey,Rita,S04E24
Jeremy Piven,Michael Barth (TV George),S04E24
Larry Hankin,Tom Pepper (TV Kramer),S04E24
Kevin Page,Stu,S04E24
Elena Wohl,Sandi Robbins (TV Elaine),S04E24
Al Ruscio,Manager,S04E24
Richard Gant,Fred,S04E24
Peter Blood,Jay,S04E24
Brian Bradley,Butler,S04E24
Bob Shaw,Paul,S04E24
Deborah Swisher,1st AD,S04E24
Jeff Oetjen,Wilton,S04E24
Pat Hazell,Himself,S04E24
Kari Coleman,Allison,S04E24
Bill Erwin,Sid,S04E24
Lanei Chapman,Housekeeper,S04E24
Jane Leeves,Marla,S04E24
Unknown,John-John (Kennedy),S04E24
Rick Overton,The Drake,S04E24
Elizabeth Dennehy,Allison,S04E24
Maggie Han,Cheryl,S04E24
Ping Wu,Ping,S04E24
Brian Doyle-Murray,Mel,S04E24
Carol Mansell,Mother,S04E24
Jon Hayman,Voice of Donald (The Bubble Boy),S04E24
Jennifer Campbell,Tia,S04E24
Nicholas Hormann,Calvin Klein,S04E24
Teri Hatcher,Sidra,S04E24
Tony Amendola,Rushdie,S04E24
Bob Balaban,Russell Dalrimple,S04E24
Peter Crombie,"Crazy"" Joe Davola",S04E24
Heidi Swedberg,Susan Biddle Ross,S04E24
Barney Martin,Morty Seinfeld,S04E24
Liz Sheridan,Helen Seinfeld,S04E24
Wayne Knight,Newman,S04E24
Jerry Seinfeld,Jerry Seinfeld,S05E01
Jason Alexander,George Costanza,S05E01
Julia Louis-Dreyfus,Elaine Benes,S05E01
Michael Richards,Kramer,S05E01
Lisa Edelstein,Karen,S05E01
Leonard Termo,Joe,S05E01
Veralyn Jones,Renee,S05E01
Jerry Seinfeld,Jerry Seinfeld,S05E02
Jason Alexander,George Costanza,S05E02
Julia Louis-Dreyfus,Elaine Benes,S05E02
Michael Richards,Kramer,S05E02
Wendel Meldrum,Leslie,S05E02
David Brisbin,Client,S05E02
Bryant Gumbel,Himself,S05E02
Deborah May,Elsa,S05E02
Michael Mitz,Photographer,S05E02
Kim Gillingham,Assistant,S05E02
Terence Riggins,Stage Manager,S05E02
Ron Ross,Homeless Man,S05E02
Jerry Stiller,Frank Costanza,S05E02
Estelle Harris,Estelle Costanza,S05E02
Jerry Seinfeld,Jerry Seinfeld,S05E03
Jason Alexander,George Costanza,S05E03
Julia Louis-Dreyfus,Elaine Benes,S05E03
Michael Richards,Kramer,S05E03
Timothy Stack,Dwayne,S05E03
Anna Gunn,Amy,S05E03
Tom Towles,Tough Guy,S05E03
Rance Howard,Blind Man,S05E03
Michael Saad,Doctor,S05E03
Kim Gillingham,Assistant,S05E03
Len Lesser,Uncle Leo,S05E03
Jerry Seinfeld,Jerry Seinfeld,S05E04
Jason Alexander,George Costanza,S05E04
Julia Louis-Dreyfus,Elaine Benes,S05E04
Michael Richards,Kramer,S05E04
John Kapelos,Barry,S05E04
Marty Rackham,Jake Jarmel,S05E04
Patrick Cronin,Farkus,S05E04
Christa Miller,Ellen,S05E04
Ralph Harris Jr.,Ralph,S05E04
Maria Stanton,Woman in Diner,S05E04
Deck McKenzie,Mitch,S05E04
Wayne Knight,Newman,S05E04
Estelle Harris,Estelle Costanza,S05E04
Jerry Stiller,Frank Costanza,S05E04
Richard Fancy,Mr Lippman,S05E04
Jerry Seinfeld,Jerry Seinfeld,S05E05
Jason Alexander,George Costanza,S05E05
Julia Louis-Dreyfus,Elaine Benes,S05E05
Michael Richards,Kramer,S05E05
Charles Levin,Mohel,S05E05
Debra Mooney,Mrs Sweedler,S05E05
Tom Alan Robbins,Stan,S05E05
Jeannie Elias,Myra,S05E05
John Gegenhuber,Resident,S05E05
Tia Riebling,Woman,S05E05
Frank Noon,Patient,S05E05
Jerry Seinfeld,Jerry Seinfeld,S05E06
Jason Alexander,George Costanza,S05E06
Julia Louis-Dreyfus,Elaine Benes,S05E06
Michael Richards,Kramer,S05E06
Christopher Darga,Driver,S05E06
Linda Kash,Gwen,S05E06
Jerry Sroka,Todd,S05E06
Marlee Matlin,Laura,S05E06
Veralyn Jones,Renee,S05E06
Dylan Haggerty,Young Man,S05E06
Bret Anthony,Teen,S05E06
Wayne Knight,Newman,S05E06
Jerry Seinfeld,Jerry Seinfeld,S05E07
Jason Alexander,George Costanza,S05E07
Julia Louis-Dreyfus,Elaine Benes,S05E07
Michael Richards,Kramer,S05E07
Maryedith Burrell,Maryedith,S05E07
Peter Keleghan,Lloyd,S05E07
John Christian Graas,Matthew,S05E07
Hugh A. Rose,Doctor,S05E07
Lisa Houle,Cheryl,S05E07
Jed Mills,Joel,S05E07
John Gabriel,Newscaster,S05E07
Darrell Kunitomi,Lab Technician,S05E07
Rudy Giuliani,Himself (uncredited),S05E07
Wayne Knight,Newman,S05E07
Jerry Stiller,Frank Costanza,S05E07
Estelle Harris,Estelle Costanza,S05E07
Jerry Seinfeld,Jerry Seinfeld,S05E08
Jason Alexander,George Costanza,S05E08
Julia Louis-Dreyfus,Elaine Benes,S05E08
Michael Richards,Kramer,S05E08
Anthony Ponzini,Enzo,S05E08
David Ciminello,Gino,S05E08
Michael Fairman,Mr Pensky,S05E08
Jack Shearer,Mr Tuttle,S05E08
Kenny Myles,Mike,S05E08
Peggy Maltby,Clarisse,S05E08
David Richardson,Customer,S05E08
Wayne Knight,Newman,S05E08
Jerry Seinfeld,Jerry Seinfeld,S05E09
Jason Alexander,George Costanza,S05E09
Julia Louis-Dreyfus,Elaine Benes,S05E09
Michael Richards,Kramer,S05E09
Lisa Edelstein,Karen,S05E09
Jennifer Coolidge,Jody,S05E09
Anthony Cistaro,Joel Rifkin,S05E09
John Glen Bishop,Ticket Man,S05E09
Hiram Kasten,Michael,S05E09
Lisa Pescia,Lisa,S05E09
Jerry Seinfeld,Jerry Seinfeld,S05E10
Jason Alexander,George Costanza,S05E10
Julia Louis-Dreyfus,Elaine Benes,S05E10
Michael Richards,Kramer,S05E10
Kimberly Norris,Winona,S05E10
Sam Lloyd,Ricky,S05E10
Carissa Channing,Sylvia,S05E10
Ralph Manza,Gepetto,S05E10
Al Roker,Himself,S05E10
Veralyn Jones,Renee,S05E10
Lisa Pescia,Joanne,S05E10
Benjamin Lum,Mailman,S05E10
Irvin Mosley Jr.,Spike,S05E10
Jerry Stiller,Frank Costanza,S05E10
Estelle Harris,Estelle Costanza,S05E10
Richard Fancy,Mr Lippman,S05E10
Jerry Seinfeld,Jerry Seinfeld,S05E11
Jason Alexander,George Costanza,S05E11
Julia Louis-Dreyfus,Elaine Benes,S05E11
Michael Richards,Kramer,S05E11
Kay E. Kuter,Older Priest,S05E11
Molly Hagan,Sister Roberta,S05E11
Tom Verica,Doctor,S05E11
Kimberley Campbell,Tawni,S05E11
Jana Marie Hupp,Sasha,S05E11
Bill Rose,Younger Priest,S05E11
Randy Brenner,Waiter,S05E11
Darlene Kardon,Mrs Lupchek,S05E11
Karen Rizzo.,Woman Hailing Cab,S05E11
Jerry Stiller,Frank Costanza,S05E11
Estelle Harris,Estelle Costanza,S05E11
Jerry Seinfeld,Jerry Seinfeld,S05E12
Jason Alexander,George Costanza,S05E12
Julia Louis-Dreyfus,Elaine Benes,S05E12
Michael Richards,Kramer,S05E12
Jami Gertz,Jane,S05E12
Dan Cortese,Tony (The Mimbo),S05E12
Jerry Seinfeld,Jerry Seinfeld,S05E13
Jason Alexander,George Costanza,S05E13
Julia Louis-Dreyfus,Elaine Benes,S05E13
Michael Richards,Kramer,S05E13
Fred Pinkard,Newsstand Guy,S05E13
Frank Novak,Clerk,S05E13
Mark Holton,David,S05E13
Suzy Soro,Barbara,S05E13
Kathryn Kates,Counterwoman,S05E13
S. Marc Jordan,Man in Bakery,S05E13
Langdon Bensing,Man on Street,S05E13
Sayed Badreya,Foreign Man,S05E13
Amjad J. Oaisen,Hussein,S05E13
Roger Eschbacher,Man with Cane,S05E13
Jerry Seinfeld,Jerry Seinfeld,S05E14
Jason Alexander,George Costanza,S05E14
Julia Louis-Dreyfus,Elaine Benes,S05E14
Michael Richards,Kramer,S05E14
Carol Kane,Corinne,S05E14
George Murdock,Testikov,S05E14
Rosalind Allen,Diane,S05E14
David Blackwood,Hotel Clerk,S05E14
Heather Morgan,Woman on Beach,S05E14
Larry David,Man on Beach (uncredited),S05E14
Wayne Knight,Newman,S05E14
Richard Fancy,Lippman,S05E14
Jerry Seinfeld,Jerry Seinfeld,S05E15
Jason Alexander,George Costanza,S05E15
Julia Louis-Dreyfus,Elaine Benes,S05E15
Michael Richards,Kramer,S05E15
Suzanne Snyder,Audrey,S05E15
Christine Dunford,Saleswoman,S05E15
Reni Santoni,Poppie,S05E15
Lane Davies,MacKenzie,S05E15
Mark Beltzman,Bob,S05E15
Sunday Theodore,Olive,S05E15
Sam Lloyd,Ricky,S05E15
Paul Mantee,Health Inspector,S05E15
Patricia Belcher,Woman #1,S05E15
Pamela Mant,Woman #2,S05E15
Bernard Hocke,Guy in Diner,S05E15
Eamonn Roche,Waiter,S05E15
Robert Kino,Ricky's Boss,S05E15
Tony Edwards,Businessman,S05E15
Jerry Seinfeld,Jerry Seinfeld,S05E16
Jason Alexander,George Costanza,S05E16
Julia Louis-Dreyfus,Elaine Benes,S05E16
Michael Richards,Kramer,S05E16
Mark Tymchyshyn,Phil,S05E16
Karla Tamburrelli,Daphne,S05E16
Debbie Lee Carrington,Tammy,S05E16
W. Earl Brown,Al,S05E16
Michael Rivkin,Fulton,S05E16
Joe Gieb,Johnny,S05E16
Layne Beamer,Father,S05E16
Thomas Dekker,Son,S05E16
Jerome Betler,Director,S05E16
Danny Woodburn,Mickey Abbott,S05E16
Jerry Seinfeld,Jerry Seinfeld,S05E17
Jason Alexander,George Costanza,S05E17
Julia Louis-Dreyfus,Elaine Benes,S05E17
Michael Richards,Kramer,S05E17
Courteney Cox,Meryl,S05E17
Scott LaRose,Greg,S05E17
Joseph Ragno,Marty,S05E17
Rebecca Glenn,Paula,S05E17
Nick LaTour,Grandpa,S05E17
Susan Segal,Waitress,S05E17
Lili Bernard,Anna,S05E17
Lawrence A. Mandley,Owner,S05E17
Barney Martin,Morty Seinfeld,S05E17
Liz Sheridan,Helen Seinfeld,S05E17
Len Lesser,Uncle Leo,S05E17
Jerry Seinfeld,Jerry Seinfeld,S05E18
Jason Alexander,George Costanza,S05E18
Julia Louis-Dreyfus,Elaine Benes,S05E18
Michael Richards,Kramer,S05E18
Michael G. Hagerty,Rudy,S05E18
Dorien Wilson,Alec,S05E18
Annie Korzen,Doris Klompus,S05E18
Stephen Pearlman,Mr Goldstein,S05E18
Judge Reinhold,Aaron,S05E18
Lisa Pescia,Joanne,S05E18
Jason Manary,Joey,S05E18
LaRita Shelby,Tour Leader,S05E18
Melanie Smith,Rachel,S05E18
Jerry Stiller,Frank Costanza,S05E18
Estelle Harris,Estelle Costanza,S05E18
Barney Martin,Morty Seinfeld,S05E18
Liz Sheridan,Helen Seinfeld,S05E18
Sandy Baron,Jack Klompus,S05E18
Jerry Seinfeld,Jerry Seinfeld,S05E20
Jason Alexander,George Costanza,S05E20
Julia Louis-Dreyfus,Elaine Benes,S05E20
Michael Richards,Kramer,S05E20
Melanie Chartoff,Robin,S05E20
Veanne Cox,Toby,S05E20
Dom Irrera,Ronnie,S05E20
Jon Favreau,Clown,S05E20
Lisa Pescia,Joanne,S05E20
Hiram Kasten,Michael,S05E20
Patience Cleveland,Old Lady,S05E20
Lawrence LeJohn,Fireman,S05E20
Jerry Stiller,"Frank Costanza (voice only, uncredited)",S05E20
Estelle Harris,"Estelle Costanza (voice only, uncredited)",S05E20
Jerry Seinfeld,Jerry Seinfeld,S05E21
Jason Alexander,George Costanza,S05E21
Julia Louis-Dreyfus,Elaine Benes,S05E21
Michael Richards,Kramer,S05E21
Melanie Smith,Rachel,S05E21
Lisa Mende,Carol,S05E21
Melora Walters,Jane,S05E21
Richard Burgi,Ben,S05E21
Mark L. Taylor,Michael,S05E21
Jesse D. Goins,Cop,S05E21
Jerry Seinfeld,Jerry Seinfeld,S05E22
Jason Alexander,George Costanza,S05E22
Julia Louis-Dreyfus,Elaine Benes,S05E22
Michael Richards,Kramer,S05E22
Marty Rackham,Jake Jarmel,S05E22
Siobhan Fallon,Tina,S05E22
Paul Gleason,Cushman,S05E22
Dedee Pfeiffer,Victoria,S05E22
Melanie Smith,Rachel,S05E22
Regis Philbin,Himself,S05E22
Kathie Lee Gifford,Herself,S05E22
Hiram Kasten,Michael,S05E22
French Stewart,Manager,S05E22
Ken Takemoto,Chairman,S05E22
Fritz Mashimo,Interpreter,S05E22
Susan Segal,Waitress,S05E22
Oscar Jordan,Counterperson,S05E22
Rolando Molina,Punk #1,S05E22
Michael Friedman,Punk #2,S05E22
Marvin Braverman,Poker Player #1,S05E22
Wesley Thompson,Poker Player #2,S05E22
Jeff Barton,Poker Player #3,S05E22
Jeffrey Von Meyer,Poker Player #4,S05E22
Larry David,Voice of George Steinbrenner (uncredited),S05E22
Jerry Stiller,Frank Costanza,S05E22
Estelle Harris,Estelle Costanza,S05E22
Richard Fancy,Mr Lippman,S05E22
Jerry Seinfeld,Jerry Seinfeld,S06E01
Jason Alexander,George Costanza,S06E01
Julia Louis-Dreyfus,Elaine Benes,S06E01
Michael Richards,Kramer,S06E01
Gail Strickland,Landis,S06E01
Marguerite MacIntyre,Karen (Miss Rhode Island),S06E01
Danny Tartabull,Himself,S06E01
Buck Showalter,Himself,S06E01
Ian Abercrombie,Mr Pitt,S06E01
Jerry Seinfeld,Jerry Seinfeld,S06E02
Jason Alexander,George Costanza,S06E02
Julia Louis-Dreyfus,Elaine Benes,S06E02
Michael Richards,Kramer,S06E02
Michelle Forbes,Julie,S06E02
Jerry Levine,Stationer,S06E02
Marita Geraghty,Margaret,S06E02
Barry Nolan,Reporter,S06E02
Dean Hallo,Gendason,S06E02
Lauren Bowles,Waitress,S06E02
Wayne Knight,Newman,S06E02
Jerry Seinfeld,Jerry Seinfeld,S06E03
Jason Alexander,George Costanza,S06E03
Julia Louis-Dreyfus,Elaine Benes,S06E03
Michael Richards,Kramer,S06E03
Kelly Coffield,Noreen,S06E03
Billye Ree Wallace,Nana,S06E03
Brian Reddy,Dan,S06E03
Rebecca Staab,Kristin,S06E03
Danny Tartabull,Himself,S06E03
Tom Wright,Executive (Mr Morgan),S06E03
James Reynolds,Banker,S06E03
Lauren Bowles,Waitress,S06E03
F.J. Rio,Street Tough,S06E03
Thom Vernon,Driver,S06E03
Len Lesser,Uncle Leo,S06E03
Ian Abercrombie,Mr Pitt,S06E03
Jerry Seinfeld,Jerry Seinfeld,S06E04
Jason Alexander,George Costanza,S06E04
Julia Louis-Dreyfus,Elaine Benes,S06E04
Michael Richards,Kramer,S06E04
Kelly Coffield,Noreen,S06E04
Angela Dohrmann,Donna Chang,S06E04
Will Utay,Dr Korval,S06E04
Lucy Lin,Hostess,S06E04
Jack Tracy,Man,S06E04
Larry David,Man wearing cape/Lawyer (uncredited),S06E04
Jerry Stiller,Frank Costanza,S06E04
Estelle Harris,Estelle Costanza,S06E04
Jerry Seinfeld,Jerry Seinfeld,S06E05
Jason Alexander,George Costanza,S06E05
Julia Louis-Dreyfus,Elaine Benes,S06E05
Michael Richards,Kramer,S06E05
Reni Santoni,Poppie,S06E05
David James Elliott,Carl,S06E05
Robert Hooks,Joe Temple,S06E05
Denise Dowse,Mother,S06E05
Patton Oswalt,Clerk,S06E05
Diana Theodore,Remy,S06E05
Jessica Hecht,Marie,S06E05
Mari Weiss,Woman #1,S06E05
Tamar Cooper,Woman #2,S06E05
Beverly C. Brown,Woman #3,S06E05
Jeris Lee Poindexter,Man,S06E05
Jerry Seinfeld,Jerry Seinfeld,S06E06
Jason Alexander,George Costanza,S06E06
Julia Louis-Dreyfus,Elaine Benes,S06E06
Michael Richards,Kramer,S06E06
Lois Nettleton,Mrs Enright,S06E06
Elina LÃ¶wensohn,Katya,S06E06
Jessica Hecht,Lindsay,S06E06
Maurice Godin,Misha,S06E06
James Sweeney,Aronson,S06E06
David Blackwood,Beck,S06E06
Phil Ramsey,Man in Car,S06E06
Damian London,Party Guest,S06E06
Ian Abercrombie,Mr Pitt,S06E06
Jerry Seinfeld,Jerry Seinfeld,S06E07
Jason Alexander,George Costanza,S06E07
Julia Louis-Dreyfus,Elaine Benes,S06E07
Michael Richards,Kramer,S06E07
Tracy Kolis,Kelly,S06E07
Daniel Gerroll,Simon,S06E07
Linda Wallem,Hildy,S06E07
Lawrence A. Mandley,Manager / Monk's,S06E07
Michael Kaplan,Waiter,S06E07
Steve Hytner,Kenny Bania,S06E07
Jerry Seinfeld,Jerry Seinfeld,S06E08
Jason Alexander,George Costanza,S06E08
Julia Louis-Dreyfus,Elaine Benes,S06E08
Michael Richards,Kramer,S06E08
Jon Voight,Himself,S06E08
Elsa Raven,Mom,S06E08
Michael Robello,Pop,S06E08
Bryan Cranston,Dr Tim Whatley,S06E08
Tom Wright,Mr Morgan,S06E08
Ken Thorley,Car Salesman,S06E08
Dan Frischman,Guy on Phone,S06E08
Rick Fitts,Dentist,S06E08
Nancy Balbirer,Woman at Party,S06E08
Pat Asanti,Electrician,S06E08
Steve Brady,Man at Party,S06E08
Matt Gallini,Tough Guy,S06E08
Ian Abercrombie,Mr Pitt,S06E08
Jerry Seinfeld,Jerry Seinfeld,S06E09
Jason Alexander,George Costanza,S06E09
Julia Louis-Dreyfus,Elaine Benes,S06E09
Michael Richards,Kramer,S06E09
Vicki Lewis,Ada (The Secretary),S06E09
Joseph R. Sicari,Willie,S06E09
Arminae Azarian,Saleswoman,S06E09
Mitzi McCall,Donna,S06E09
Richard Marion,Guy,S06E09
Thomas Mills,Moviegoer,S06E09
Glynis McCants,Woman,S06E09
Courtney Taylor,Attractive Applicant,S06E09
Steve Hytner,Kenny Bania,S06E09
Jerry Seinfeld,Jerry Seinfeld,S06E10
Jason Alexander,George Costanza,S06E10
Julia Louis-Dreyfus,Elaine Benes,S06E10
Michael Richards,Kramer,S06E10
Todd Kimsey,Ned,S06E10
Renee Props,Lois,S06E10
Don R. McManus,Duncan,S06E10
Vicki Lewis,Ada,S06E10
Claude Earl Jones,Mr Bevilaqua,S06E10
Mark Christopher Lawrence,Boss,S06E10
Michael Sorich,Castro,S06E10
Denise Poirier,Arlene,S06E10
Spencer Klein,Kid,S06E10
Martin Chow,Lew,S06E10
Eva Svensson,Woman,S06E10
Danny Woodburn,Mickey Abbott,S06E10
Jerry Seinfeld,Jerry Seinfeld,S06E11
Jason Alexander,George Costanza,S06E11
Julia Louis-Dreyfus,Elaine Benes,S06E11
Michael Richards,Cosmo Kramer,S06E11
Sheree North,Babs Kramer,S06E11
Gail Strickland,Landis,S06E11
Charlotte Lewis,Nina,S06E11
Jann Karam,Sandi,S06E11
Terry Sweeney,Keith,S06E11
Heather Medway,Laura,S06E11
Clive Rosengren,Mr Clotworthy,S06E11
Jacqueline M. Houston,Lorraine,S06E11
Cheryl Francis Harrington,Waitress,S06E11
Tish Smiley,Woman,S06E11
Wayne Knight,Newman,S06E11
Jerry Seinfeld,Jerry Seinfeld,S06E12
Jason Alexander,George Costanza,S06E12
Julia Louis-Dreyfus,Elaine Benes,S06E12
Michael Richards,Cosmo Kramer,S06E12
Bryan Cranston,Dr Tim Whatley,S06E12
Jessica Tuck,Bonnie,S06E12
Cleto Augusto,Scott,S06E12
Wayne Grace,Ukranian,S06E12
Wayne Knight,Newman,S06E12
Jerry Seinfeld,Jerry Seinfeld,S06E13
Jason Alexander,George Costanza,S06E13
Julia Louis-Dreyfus,Elaine Benes,S06E13
Michael Richards,Cosmo Kramer,S06E13
Marty Rackham,Jake Jarmel,S06E13
Barbara Alyn Woods,Debby,S06E13
Ivory Ocean,Officer Morgan,S06E13
Basil Hoffman,Salesman,S06E13
Lillian Lehman,Judge,S06E13
Jon Lovitz,Gary Fogel,S06E13
Danny Breen,Guy With Glasses,S06E13
Bob Shaw,Cabbie,S06E13
Dale Harimoto,Reporter,S06E13
Joe Ochman,Customer,S06E13
Elisabeth Sjoli,Woman,S06E13
Wayne Knight,Newman,S06E13
Richard Fancy,Mr Lippman,S06E13
Jerry Seinfeld,Jerry Seinfeld,S06E16
Jason Alexander,George Costanza,S06E16
Julia Louis-Dreyfus,Elaine Benes,S06E16
Michael Richards,Cosmo Kramer,S06E16
Robert Mailhouse,Robert,S06E16
Katherine LaNasa,Cathy,S06E16
Jonathan Gries,Homeless Man,S06E16
Ed Winter,Mr Stevenson,S06E16
Georgann Johnson,Mrs Stevenson,S06E16
Joan Elizabeth,Denise,S06E16
John F. O'Donohue,Gus,S06E16
Jerry Diner,Lou,S06E16
Mirron E. Willis,Officer #1,S06E16
Ken Kerman,Officer #2,S06E16
Jerry Seinfeld,Jerry Seinfeld,S06E17
Jason Alexander,George Costanza,S06E17
Julia Louis-Dreyfus,Elaine Benes,S06E17
Michael Richards,Cosmo Kramer,S06E17
Wendie Malick,Wendy,S06E17
Billye Ree Wallace,Nana,S06E17
Carol Leifer,Receptionist,S06E17
Julio Oscar Mechoso,Julio,S06E17
Rondi Reed,Mary,S06E17
Gene Elman,Buddy,S06E17
Mary Scheer,Joan,S06E17
Louisa Abernathy,Nurse,S06E17
Timothy McNeil,Jeff,S06E17
Mark Fite,Jack,S06E17
C.D. LaBove,Steve,S06E17
Wendy Worthington,Louise,S06E17
Belinda Barry,Stephanie,S06E17
Liz Sheridan,Helen Seinfeld,S06E17
Barney Martin,Morty Seinfeld,S06E17
Len Lesser,Uncle Leo,S06E17
Jerry Seinfeld,Jerry Seinfeld,S06E18
Jason Alexander,George Costanza,S06E18
Julia Louis-Dreyfus,Elaine Benes,S06E18
Michael Richards,Cosmo Kramer,S06E18
Larry Miller,Doorman,S06E18
Patrick Cronin,Farkus,S06E18
Reni Santoni,Poppie,S06E18
Edith Fields,Mrs Payton,S06E18
Nick Jameson,Horst,S06E18
Jack Betts,Mr Green,S06E18
Barbara Pilavin,German Woman,S06E18
Toni Sawyer,Tenant #1,S06E18
Nigel Gibbs,Tenant #2,S06E18
Deck McKenzie,Delivery Man,S06E18
Trudi Forristal,Buxom Woman,S06E18
Jerry Stiller,Frank Costanza,S06E18
Estelle Harris,Estelle Costanza,S06E18
Ian Abercrombie,Mr Pitt,S06E18
Jerry Seinfeld,Jerry Seinfeld,S06E19
Jason Alexander,George Costanza,S06E19
Julia Louis-Dreyfus,Elaine Benes,S06E19
Michael Richards,Cosmo Kramer,S06E19
Anthony Starke,Jimmy,S06E19
Bryan Cranston,Dr Tim Whatley,S06E19
Robert Katims,DEENSFREI:,S06E19
Mel Torme,Himself,S06E19
Alison Armitage,Cheryl,S06E19
J.D. Bridges,Paramedic,S06E19
Elan Carter,Receptionist,S06E19
Richard Herd,Wilhelm,S06E19
Jerry Seinfeld,Jerry Seinfeld,S06E20
Jason Alexander,George Costanza,S06E20
Julia Louis-Dreyfus,Elaine Benes,S06E20
Michael Richards,Cosmo Kramer,S06E20
Billye Ree Wallace,Nana,S06E20
Christa Miller,Paula,S06E20
Dana Wheeler-Nicholson,Shelly,S06E20
Guy Siner,Mandel,S06E20
Ellis E. Williams,Karl,S06E20
Coby Turner,Judy,S06E20
Wayne C. Dvorak,Teacher,S06E20
Norman Brenner,Passerby,S06E20
Wayne Knight,Newman,S06E20
Barney Martin,Morty Seinfeld,S06E20
Liz Sheridan,Helen Seinfeld,S06E20
Len Lesser,Uncle Leo,S06E20
Jerry Seinfeld,Jerry Seinfeld,S06E21
Jason Alexander,George Costanza,S06E21
Julia Louis-Dreyfus,Elaine Benes,S06E21
Michael Richards,Cosmo Kramer,S06E21
Marla Sucharetza,Nancy,S06E21
Lou Cutell,Dr Cooperman,S06E21
Yvette Cruise,Clerk,S06E21
Estelle Harris,Estelle Costanza,S06E21
Jerry Stiller,Frank Costanza,S06E21
Patrick Warburton,David Puddy,S06E21
Jerry Seinfeld,Jerry Seinfeld,S06E22
Jason Alexander,George Costanza,S06E22
Julia Louis-Dreyfus,Elaine Benes,S06E22
Michael Richards,Cosmo Kramer,S06E22
Tom Wright,Mr Morgan,S06E22
Robert Hooks,Joe,S06E22
Debra Jo Rupp,Katie,S06E22
Kim Zimmer,Lenore,S06E22
O'Neal Compton,Earl,S06E22
Ellis E. Williams,"Karl, the exterminator",S06E22
John Cothran Jr.,Man,S06E22
William B. Jackson,Doctor,S06E22
Christine Cattell,Stewardess,S06E22
Diana Theodore,Remy,S06E22
Berta Maria Waagfjord,Bridgette,S06E22
Mark Wheatle,Waiter,S06E22
Wayne Knight,Newman,S06E22
Ian Abercrombie,Mr Pitt,S06E22
Jerry Seinfeld,Jerry Seinfeld,S06E23
Jason Alexander,George Costanza,S06E23
Julia Louis-Dreyfus,Elaine Benes,S06E23
Michael Richards,Cosmo Kramer,S06E23
Katy Selverstone,Siena,S06E23
Mark DeCarlo,Alec Berg,S06E23
Raye Birk,Mr Pless,S06E23
Pierrino Mascarino,Father Hernandez,S06E23
Joe Lala,Priest,S06E23
Peggy Lane O'Rourke,Waitress,S06E23
David Richardson,Fan #1,S06E23
Dave Powledge,Fan #2,S06E23
Jan Eddy,Fan #3,S06E23
Lawrence LeJohn,Crowd Member,S06E23
Fred Stoller,Crowd Member (uncredited cameo),S06E23
Patrick Warburton,David Puddy,S06E23
Jerry Seinfeld,Jerry Seinfeld,S06E24
Jason Alexander,George Costanza,S06E24
Julia Louis-Dreyfus,Elaine Benes,S06E24
Michael Richards,Cosmo Kramer,S06E24
Bette Midler,Herself,S06E24
June Kyoko Lu,Ruby,S06E24
Amy Hill,Kim,S06E24
Adelaide Miller,Gennice,S06E24
Bok Yun Chon,Lotus,S06E24
Vonnie C. Rhee,Sunny,S06E24
Craig Thomas,Player #1,S06E24
Michael James McDonald,Player #2,S06E24
Lou DiMaggio,Stagehand,S06E24
Jason Beck,Umpire,S06E24
Bob Shaw,Cabbie,S06E24
Johnny Silver,Vendor #1,S06E24
William Bastiani,Vendor #2,S06E24
Jerry Stiller,Frank Costanza,S06E24
John O'Hurley,J Peterman,S06E24
Jerry Seinfeld,Jerry Seinfeld,S07E01
Jason Alexander,George Costanza,S07E01
Julia Louis-Dreyfus,Elaine Benes,S07E01
Michael Richards,Cosmo Kramer,S07E01
Mario Joyner,Himself,S07E01
Janni Brenn,Woman #2,S07E01
Mailon Rivera,Cop #1,S07E01
Athena Massey,Melanie,S07E01
Ron Byron,Man,S07E01
Renee Phillips,Alice,S07E01
Cindy Cheung,Woman #1,S07E01
Wayne Knight,Newman,S07E01
Jerry Stiller,FRANK: Costanza,S07E01
Estelle Harris,Estelle Costanza,S07E01
Heidi Swedberg,Susan Biddle Ross,S07E01
Jerry Seinfeld,Jerry Seinfeld,S07E02
Jason Alexander,George Costanza,S07E02
Julia Louis-Dreyfus,Elaine Benes,S07E02
Michael Richards,Cosmo Kramer,S07E02
Bruce Mahler,Rabbi (Glickman),S07E02
Kelly Perine,Usher,S07E02
John Rubano,Man,S07E02
Evie Peck,Woman,S07E02
Heidi Swedberg,Susan Biddle Ross,S07E02
Jerry Seinfeld,Jerry Seinfeld,S07E03
Jason Alexander,George Costanza,S07E03
Julia Louis-Dreyfus,Elaine Benes,S07E03
Michael Richards,Cosmo Kramer,S07E03
Mark Metcalf,Maestro,S07E03
Gary Yates,Security Guard,S07E03
Paul Michael,Giggio,S07E03
James Noah,Ned,S07E03
Tim Bagley,Manager,S07E03
Richard McGonagle,Mr Star,S07E03
Kenneth Ryan,Mr Burns,S07E03
Kymberley S. Newberry,Ms Jordan,S07E03
David Wendelman,Waiter,S07E03
Heidi Swedberg,Susan Biddle Ross,S07E03
Phil Morris,Jackie Chiles,S07E03
Jerry Seinfeld,Jerry Seinfeld,S07E04
Jason Alexander,George Costanza,S07E04
Julia Louis-Dreyfus,Elaine Benes,S07E04
Michael Richards,Cosmo Kramer,S07E04
Tom Wright,Mr Morgan,S07E04
Stacey Travis,Holly,S07E04
Brian McNamara,James,S07E04
Ian Patrick Williams,Stubs,S07E04
Paul O'Neill,Himself,S07E04
Thomas Dekker,Bobby,S07E04
Clive Rosengren,Waiter,S07E04
Larry David,Voice of George Steinbrenner,S07E04
Richard Herd,Wilhelm,S07E04
Jerry Seinfeld,Jerry Seinfeld,S07E05
Jason Alexander,George Costanza,S07E05
Julia Louis-Dreyfus,Elaine Benes,S07E05
Michael Richards,Cosmo Kramer,S07E05
Jeremiah Birkett,Jean-Paul,S07E05
Leon Russom,Clayton,S07E05
Ernie Lively,Zeke,S07E05
Charles Cyphers,Gardner,S07E05
Kate Mulligan,Sheri,S07E05
Susan Isaacs,Woman,S07E05
Thom Barry,Manager,S07E05
Jeff Miller,Event Guard,S07E05
Larry David,Voice of George Steinbrenner,S07E05
Richard Herd,Wilhelm,S07E05
Jerry Seinfeld,Jerry Seinfeld,S07E06
Jason Alexander,George Costanza,S07E06
Julia Louis-Dreyfus,Elaine Benes,S07E06
Michael Richards,Cosmo Kramer,S07E06
Alexandra Wentworth,Sheila,S07E06
Larry Thomas,Soup Nazi,S07E06
John Paragon,Ray,S07E06
Yul Vazquez,Bob,S07E06
Thom Barry,Super,S07E06
Vince Melocchi,Furniture Guy,S07E06
Ana Gasteyer,Woman,S07E06
Cedric Duplechain,Customer,S07E06
Mike Michaud,Customer,S07E06
Wayne Knight,Newman,S07E06
Heidi Swedberg,Susan Biddle Ross,S07E06
Steve Hytner,Kenny Bania,S07E06
Jerry Seinfeld,Jerry Seinfeld,S07E07
Jason Alexander,George Costanza,S07E07
Julia Louis-Dreyfus,Elaine Benes,S07E07
Michael Richards,Cosmo Kramer,S07E07
Wayne Tippit,Captain,S07E07
Lewis Arquette,Leapin' Larry,S07E07
Fred Stoller,Fred Yerkes,S07E07
Ellen Albertini Dow,Momma,S07E07
David St. James,Doctor,S07E07
Michael Luckerman,Man,S07E07
Heidi Swedberg,Susan Biddle Ross,S07E07
John O'Hurley,J Peterman,S07E07
Jerry Seinfeld,Jerry Seinfeld,S07E08
Jason Alexander,George Costanza,S07E08
Julia Louis-Dreyfus,Elaine Benes,S07E08
Michael Richards,Cosmo Kramer,S07E08
Carlos Jacott,Ramon (The Pool Guy),S07E08
Billy Williams,Usher,S07E08
Alec Mapa,Paul,S07E08
Dom Magwili,Dustin,S07E08
Wayne Knight,Newman,S07E08
Heidi Swedberg,Susan Biddle Ross,S07E08
Jerry Seinfeld,Jerry Seinfeld,S07E09
Jason Alexander,George Costanza,S07E09
Julia Louis-Dreyfus,Elaine Benes,S07E09
Michael Richards,Cosmo Kramer,S07E09
Jennifer Guthrie,Lena,S07E09
Scott Patterson,Billy,S07E09
John Paragon,Cedric,S07E09
Yul Vazquez,Bob,S07E09
David Byrd,Roger,S07E09
Ileen Getz,Organizer,S07E09
Steven Hack,Walker #1,S07E09
Wren T. Brown,Walker #2,S07E09
P.B. Hutton,Walker #3,S07E09
Susan Moore,Monica,S07E09
Heidi Swedberg,Susan Biddle Ross,S07E09
Jerry Seinfeld,Jerry Seinfeld,S07E10
Jason Alexander,George Costanza,S07E10
Julia Louis-Dreyfus,Elaine Benes,S07E10
Michael Richards,Cosmo Kramer,S07E10
Matt McCoy,Lloyd,S07E10
Mary Jo Keenen,Deena,S07E10
Eric Christmas,Haarwood,S07E10
Sandy Ward,Pop Lazzari,S07E10
Ruth Cohen,Cashier,S07E10
Lionel Mark Smith,Florist,S07E10
Vito D'Ambrosio,Cop,S07E10
Alan Watt,Attendant,S07E10
Larry David,Gum salesman (uncredited cameo),S07E10
Jerry Seinfeld,Jerry Seinfeld,S07E11
Jason Alexander,George Costanza,S07E11
Julia Louis-Dreyfus,Elaine Benes,S07E11
Michael Richards,Cosmo Kramer,S07E11
Grace Zabriskie,Mrs Ross,S07E11
Warren Frost,Mr (Henry) Ross,S07E11
Jeff Yagher,John,S07E11
Frances Bay,Mabel Choate,S07E11
Leonard Lightfoot,Clyde,S07E11
Don Amendolia,Dennis,S07E11
Kathryn Kates,Counter Woman,S07E11
Steve Ireland,Music Guy,S07E11
Dean Fortunato,Manager,S07E11
Estelle Harris,Estelle Costanza,S07E11
Jerry Stiller,Frank Costanza,S07E11
Heidi Swedberg,Susan Biddle Ross,S07E11
Jerry Seinfeld,Jerry Seinfeld,S07E12
Jason Alexander,George Costanza,S07E12
Julia Louis-Dreyfus,Elaine Benes,S07E12
Michael Richards,Cosmo Kramer,S07E12
Brenda Strong,Sue Ellen Mischke,S07E12
Armin Shimerman,Stan (The Caddy),S07E12
Arthur Rosenburg,Judge,S07E12
Cynthia Madvig,Woman #1,S07E12
Marilyn Tokuda,Woman #2,S07E12
Jerry Stiller,Frank Costanza,S07E12
Estelle Harris,Estelle Costanza,S07E12
Heidi Swedberg,Susan Biddle Ross,S07E12
Phil Morris,Jackie Chiles,S07E12
Richard Herd,Wilhelm,S07E12
John O'Hurley,J Peterman,S07E12
Larry David,George Steinbrenner (uncredited),S07E12
Jerry Seinfeld,Jerry Seinfeld,S07E13
Jason Alexander,George Costanza,S07E13
Julia Louis-Dreyfus,Elaine Benes,S07E13
Michael Richards,Cosmo Kramer,S07E13
Ken Hudson Campbell,Ken,S07E13
Shannon Holt,Carrie,S07E13
Lisa Deanne,Christie,S07E13
Charles Emmett,Orderly,S07E13
David Richards,Maitre d',S07E13
Matthew McCurley,Kid,S07E13
Josh Abramson,Man #1,S07E13
Wayne Knight,Newman,S07E13
Heidi Swedberg,Susan Biddle Ross,S07E13
Jerry Seinfeld,Jerry Seinfeld,S07E14
Jason Alexander,George Costanza,S07E14
Julia Louis-Dreyfus,Elaine Benes,S07E14
Michael Richards,Cosmo Kramer,S07E14
Walter Olkewicz,Nick (Cable Guy),S07E14
Annabelle Gurwitch,Katy,S07E14
Bill Macy,Herb,S07E14
Jesse White,Ralph,S07E14
Liz Sheridan,Helen Seinfeld,S07E14
Barney Martin,Morty Seinfeld,S07E14
Heidi Swedberg,Susan Biddle Ross,S07E14
Sandy Baron,Jack Klompus,S07E14
Jerry Seinfeld,Jerry Seinfeld,S07E15
Jason Alexander,George Costanza,S07E15
Julia Louis-Dreyfus,Elaine Benes,S07E15
Michael Richards,Cosmo Kramer,S07E15
Marisa Tomei,Herself,S07E15
Walter Olkewicz,Nick (Cable Guy),S07E15
Ann Guilbert,Evelyn,S07E15
Frances Bay,Mabel Choate,S07E15
Bill Macy,Herb,S07E15
Jesse White,Ralph,S07E15
Annie Korzen,Doris Klompus,S07E15
Daniel Zacapa,Power Guy (John),S07E15
Golde Starger,"Bldg ""A""",S07E15
Janice Davis,"Bldg ""B""",S07E15
Art Frankle,"Bldg ""C""",S07E15
Liz Sheridan,Helen Seinfeld,S07E15
Barney Martin,Morty Seinfeld,S07E15
Heidi Swedberg,Susan Biddle Ross,S07E15
Sandy Baron,Jack Klompus,S07E15
Jerry Seinfeld,Jerry Seinfeld,S07E16
Jason Alexander,George Costanza,S07E16
Julia Louis-Dreyfus,Elaine Benes,S07E16
Michael Richards,Cosmo Kramer,S07E16
Jay Leno,Himself,S07E16
Ron West,Dr Strugatz,S07E16
Tim deZarn,Salesman,S07E16
Michelle Bonilla,Waitress,S07E16
Angelo Di Mascio Jr.,Man,S07E16
Wayne Knight,Newman,S07E16
Estelle Harris,Estelle Costanza,S07E16
Jerry Stiller,Frank Costanza,S07E16
Liz Sheridan,Helen Seinfeld,S07E16
Barney Martin,Morty Seinfeld,S07E16
Len Lesser,Uncle Leo,S07E16
John O'Hurley,J Peterman,S07E16
Jerry Seinfeld,Jerry Seinfeld,S07E17
Jason Alexander,George Costanza,S07E17
Julia Louis-Dreyfus,Elaine Benes,S07E17
Michael Richards,Cosmo Kramer,S07E17
Mark Metcalf,Maestro,S07E17
Kathy Griffin,Sally,S07E17
Mary Jo Keenen,Deena,S07E17
Monica Allison,Stewardess,S07E17
Larry Braman,Stage Manager,S07E17
John Lizzi,The Other Guy,S07E17
Jerry Stiller,Frank Costanza,S07E17
Estelle Harris,Estelle Costanza,S07E17
Heidi Swedberg,Susan Biddle Ross,S07E17
Jerry Seinfeld,Jerry Seinfeld,S07E18
Jason Alexander,George Costanza,S07E18
Julia Louis-Dreyfus,Elaine Benes,S07E18
Michael Richards,Cosmo Kramer,S07E18
Rob Schneider,Bob,S07E18
Pat Cooper,Himself,S07E18
Samantha Smith (II),Hallie,S07E18
Lisa Kushell,Connie,S07E18
Robert Martin Robinson,Maitre 'd,S07E18
Norman Large,Detective,S07E18
Peggy Lane,Waitress,S07E18
The Flying Karamazov Brothers,The Flying Sandos Brother,S07E18
Heidi Swedberg,Susan Biddle Ross,S07E18
John O'Hurley,J Peterman,S07E18
Phil Morris,Jackie Chiles,S07E18
Jerry Seinfeld,Jerry Seinfeld,S07E19
Jason Alexander,George Costanza,S07E19
Julia Louis-Dreyfus,Elaine Benes,S07E19
Michael Richards,Cosmo Kramer,S07E19
Patrick Bristow,Wig Master (Ethan),S07E19
Harry Van Gorkum,Craig,S07E19
Gina Mastrogiacomo,Prostitute,S07E19
Kim Chase,Charmaine,S07E19
Chaim Jeraffi,Jiffy Park Guy,S07E19
Michael James McDonald,Jesse,S07E19
Pamela Dillman,Salesperson,S07E19
Zack Phifer,Bob,S07E19
Shashi Bhatia,Flower Girl,S07E19
Norman Brenner,Ian,S07E19
Heidi Swedberg,Susan Biddle Ross,S07E19
Jerry Seinfeld,Jerry Seinfeld,S07E20
Jason Alexander,George Costanza,S07E20
Julia Louis-Dreyfus,Elaine Benes,S07E20
Michael Richards,Cosmo Kramer,S07E20
John D'Aquino,Todd,S07E20
Peter Allas,Counter Guy,S07E20
Danette Tays,Nicki,S07E20
Greg Collins,Policeman,S07E20
Jane A. Johnston,Todd's Mother,S07E20
Wayne Knight,Newman,S07E20
Jerry Seinfeld,Jerry Seinfeld,S07E21
Jason Alexander,George Costanza,S07E21
Julia Louis-Dreyfus,Elaine Benes,S07E21
Michael Richards,Cosmo Kramer,S07E21
Brad Garrett,Tony,S07E21
Brenda Strong,Sue Ellen Mischke,S07E21
Patrick Kerr,Clerk,S07E21
Harvey Jason,Auctioneer,S07E21
Larry Polson,Homeless Guy,S07E21
Wayne Knight,Newman,S07E21
Richard Herd,Wilhelm,S07E21
John O'Hurley,J Peterman,S07E21
Jerry Seinfeld,Jerry Seinfeld,S07E22
Jason Alexander,George Costanza,S07E22
Julia Louis-Dreyfus,Elaine Benes,S07E22
Michael Richards,Cosmo Kramer,S07E22
Brad Garrett,Tony,S07E22
Mary Jo Keenen,Deena,S07E22
Rance Howard,Farmer,S07E22
Nicholas Mele,Detective,S07E22
Karen Lynn Scott,Farmer's Daughter,S07E22
Sandy Ward,Pop,S07E22
Dan O'Connor,Young Cop,S07E22
Bonnie McNeil,Woman,S07E22
Wayne Knight,Newman,S07E22
Richard Herd,Wilhelm,S07E22
John O'Hurley,J Peterman,S07E22
Jerry Seinfeld,Jerry Seinfeld,S07E23
Jason Alexander,George Costanza,S07E23
Julia Louis-Dreyfus,Elaine Benes,S07E23
Michael Richards,Cosmo Kramer,S07E23
Cary Elwes,David,S07E23
Debra Messing,Beth,S07E23
Allan Havey,Policeman,S07E23
Diana Castle,Mrs Zanfino,S07E23
Todd Bosley,Joey,S07E23
J.C. Hertzler,Mr Berger,S07E23
Nicole Tocantins,Barbara,S07E23
Heidi Swedberg,Susan Biddle Ross,S07E23
Danny Woodburn,Mickey Abbott,S07E23
Jerry Seinfeld,Jerry Seinfeld,S07E24
Jason Alexander,George Costanza,S07E24
Julia Louis-Dreyfus,Elaine Benes,S07E24
Michael Richards,Cosmo Kramer,S07E24
Janeane Garofalo,Jeannie Steinman,S07E24
Stephen Root,Mr Lager,S07E24
Victor Raider-Wexler,Doctor,S07E24
John Riggi,Bank Teller,S07E24
Sue Goodman,Clerk,S07E24
Julie Clark,Waitress,S07E24
Fred Goehner,Delivery Guy,S07E24
Carol Leifer,Bank employee (uncredited),S07E24
Heidi Swedberg,Susan Biddle Ross,S07E24
Jerry Seinfeld,Jerry Seinfeld,S08E01
Jason Alexander,George Costanza,S08E01
Julia Louis-Dreyfus,Elaine Benes,S08E01
Michael Richards,Cosmo Kramer,S08E01
Janeane Garofalo,Jeannie Steinman,S08E01
Bruce Davison,Wyck,S08E01
Grace Zabriskie,Mrs Ross,S08E01
Warren Frost,Mr (Henry) Ross,S08E01
Joe Urla,Dugan,S08E01
Susan Walters,"Dolores ""Mulva""",S08E01
Todd Bosley,Joey,S08E01
Diana Castle,Mrs Zanfino,S08E01
Stuart Quan,Sensei,S08E01
Herb Mitchell,Businessman #1,S08E01
Robert Louis Kempf,Businessman #2,S08E01
Lawrence A. Mandley,Larry,S08E01
Lauren Bowles,Waitress #1,S08E01
Peggy Lane,Waitress #2,S08E01
Paige Tamada,Clara,S08E01
Robert Padnick,Willie,S08E01
Ruth Cohen,Ruthie,S08E01
John O'Hurley,J Peterman,S08E01
Jerry Seinfeld,Jerry Seinfeld,S08E02
Jason Alexander,George Costanza,S08E02
Julia Louis-Dreyfus,Elaine Benes,S08E02
Michael Richards,Cosmo Kramer,S08E02
Bruce Davison,Wyck,S08E02
Tim DeKay,Kevin,S08E02
Lisa Mende,Carol,S08E02
Kim Myers,Pam,S08E02
Rende Rae Norman,Ms Baines,S08E02
Tommy Hicks,Mr Cross,S08E02
Jill Talley,Gail,S08E02
Jill Holden,Lisa,S08E02
Wayne Knight,Newman,S08E02
Jerry Seinfeld,Jerry Seinfeld,S08E03
Jason Alexander,George Costanza,S08E03
Julia Louis-Dreyfus,Elaine Benes,S08E03
Michael Richards,Cosmo Kramer,S08E03
Tim DeKay,Kevin,S08E03
Kristin Bauer,Gillian,S08E03
Pat Kilbane,Bizarro Kramer (Feldman),S08E03
Kyle T. Hefner,Bizarro George (Gene),S08E03
Justina Vail,Amanda,S08E03
J. Patrick McCormack,Leland,S08E03
Harry Murphy,Office Manager,S08E03
Dana Patrick,Model #1,S08E03
Shireen Crutchfield,Model #2,S08E03
Robin Nance,Model #3,S08E03
Mark S. Larson,Bizarro Newman (Vargas),S08E03
James Lesure,Office Worker,S08E03
Jason Beck,Bouncer,S08E03
Jerry Seinfeld,Jerry Seinfeld,S08E04
Jason Alexander,George Costanza,S08E04
Julia Louis-Dreyfus,Elaine Benes,S08E04
Michael Richards,Cosmo Kramer,S08E04
Neil Giuntoli,Brody,S08E04
Rebecca McFarland,Anna,S08E04
Joseph Urla,Dugan,S08E04
Tim O'Hare,Vendor,S08E04
Jerry Stiller,Frank Costanza,S08E04
Jerry Seinfeld,Jerry Seinfeld,S08E05
Jason Alexander,George Costanza,S08E05
Julia Louis-Dreyfus,Elaine Benes,S08E05
Michael Richards,Cosmo Kramer,S08E05
Richard Roat,Dr Berg,S08E05
Fort Atkinson,Dr Stern,S08E05
David Purdham,Dr Resnick,S08E05
Heather Campbell,Sheila,S08E05
Ramon Franco,Mailman,S08E05
Bari K. Willerford,Ron,S08E05
Shuko Akune,Receptionist,S08E05
F. William Parker,Country Doctor,S08E05
Lynn A. Henderson,Clerk,S08E05
Bill Gratton,Postal Official,S08E05
Susan Leslie,Nurse,S08E05
Wayne Knight,Newman,S08E05
Len Lesser,Uncle Leo,S08E05
Jerry Seinfeld,Jerry Seinfeld,S08E06
Jason Alexander,George Costanza,S08E06
Julia Louis-Dreyfus,Elaine Benes,S08E06
Michael Richards,Cosmo Kramer,S08E06
Joseph Urla,Dugan,S08E06
Ned Bellamy,Eddie,S08E06
A.J. Langer,Abby,S08E06
Katie Layman,Cynthia,S08E06
Eddie Allen,Doctor,S08E06
Gwen McGee,Janine,S08E06
Lynn Manning,Blind Man,S08E06
Estelle Harris,Estelle Costanza,S08E06
Jerry Stiller,Frank Costanza,S08E06
Richard Herd,Wilhelm,S08E06
Steve Hytner,Kenny Bania,S08E06
Jerry Seinfeld,Jerry Seinfeld,S08E07
Jason Alexander,George Costanza,S08E07
Julia Louis-Dreyfus,Elaine Benes,S08E07
Michael Richards,Cosmo Kramer,S08E07
James Patrick Stuart,Brett,S08E07
Gedde Watanabe,Mr Oh,S08E07
Sab Shimono,Executive #1,S08E07
John Bowman,Teddy,S08E07
Jock Plotnick,Crew Leader,S08E07
George Wallace,Doctor,S08E07
Toshi Toda,Mr Tanaka,S08E07
Goh Misawa,Mr Yamaguchi,S08E07
Tony V.,Clicky,S08E07
Akane Nelson,Executive #2,S08E07
Cherie Hankal,Nurse,S08E07
Richard Herd,Wilhelm,S08E07
Jerry Seinfeld,Jerry Seinfeld,S08E08
Jason Alexander,George Costanza,S08E08
Julia Louis-Dreyfus,Elaine Benes,S08E08
Michael Richards,Cosmo Kramer,S08E08
Mark Roberts,Seth,S08E08
Kymberly Kalil,Heather (sales woman),S08E08
Michael D. Roberts,Ipswich,S08E08
Wesley Leong,Clerk,S08E08
Christopher Aguilar,Burmese Boy,S08E08
Wayne Knight,Newman,S08E08
John O'Hurley,J Peterman,S08E08
Jerry Seinfeld,Jerry Seinfeld,S08E09
Jason Alexander,George Costanza,S08E09
Julia Louis-Dreyfus,Elaine Benes,S08E09
Michael Richards,Cosmo Kramer,S08E09
Debra Jo Rupp,Katie,S08E09
Brenda Strong,Sue Ellen Mischke,S08E09
Bob Odenkirk,Ben,S08E09
Meagen Fay,Mrs Burns,S08E09
Tamara Bick,Louise,S08E09
Alex Trebek,Voice of Himself,S08E09
Derek Jeter,Himself,S08E09
Bernie Williams,Himself,S08E09
Lawrence A. Mandley,Larry the Cook,S08E09
Fern Fitzgerald,Ms Wilkie,S08E09
Noelle Balfour,Waitress,S08E09
Kyle Gass,Smoker,S08E09
Judy Kerr,Woman,S08E09
David Letterman,Himself (uncredited),S08E09
Phil Morris,Jackie Chiles,S08E09
Jerry Seinfeld,Jerry Seinfeld,S08E10
Jason Alexander,George Costanza,S08E10
Julia Louis-Dreyfus,Elaine Benes,S08E10
Michael Richards,Cosmo Kramer,S08E10
Tom Gallop,Alan,S08E10
Ray Stricklyn,Clarence,S08E10
Diana Bellamy,Mrs Ricardi,S08E10
Rick Hall,Vet,S08E10
Carl Banks,Policeman #1,S08E10
Barry Cutler,Policeman #2,S08E10
Kev O'Neil,Waiter,S08E10
Ossie Mair,Driver,S08E10
Fred Pinkard,Old Man,S08E10
Rene Weisser,Ex-Girlfriend,S08E10
Brian Blondell,Dog Guy,S08E10
Theresa Mulligan,Woman,S08E10
Florinel Fatulescu,Stand Owner,S08E10
Wayne Knight,Newman,S08E10
Estelle Harris,Estelle Costanza,S08E10
Jerry Stiller,Frank Costanza,S08E10
Jerry Seinfeld,Jerry Seinfeld,S08E11
Jason Alexander,George Costanza,S08E11
Julia Louis-Dreyfus,Elaine Benes,S08E11
Michael Richards,Cosmo Kramer,S08E11
John Michael Higgins,Kurt,S08E11
Miguel Sandoval,Marcelino,S08E11
Andrea Bendewald,Celia,S08E11
Kathryn Joosten,Betsy,S08E11
Paul Perri,Detective Banner (Detective #1),S08E11
Al White,Detective Udewitz (Detective #2),S08E11
Ray Proscia,Prison Guard,S08E11
Barney Martin,Morty Seinfeld,S08E11
Liz Sheridan,Helen Seinfeld,S08E11
Jerry Seinfeld,Jerry Seinfeld,S08E12
Jason Alexander,George Costanza,S08E12
Julia Louis-Dreyfus,Elaine Benes,S08E12
Michael Richards,Cosmo Kramer,S08E12
Sarah Silverman,Emily,S08E12
Leon W. Grant,Counterperson,S08E12
Liz Sheridan,Helen Seinfeld,S08E12
Barney Martin,Morty Seinfeld,S08E12
Jerry Stiller,Frank Costanza,S08E12
Estelle Harris,Estelle Costanza,S08E12
John O'Hurley,J Peterman,S08E12
Sandy Baron,Jack Klompus,S08E12
Jerry Seinfeld,Jerry Seinfeld,S08E13
Jason Alexander,George Costanza,S08E13
Julia Louis-Dreyfus,Elaine Benes,S08E13
Michael Richards,Cosmo Kramer,S08E13
Mark Harelik,Milos,S08E13
Ben Stein,Shellbach,S08E13
Joel Polis,Reilly,S08E13
Ivana Milavich,Patty,S08E13
Danny Strong,Vincent,S08E13
Richard Livingston,Bill,S08E13
Charles Kahlenberg,Fred,S08E13
Stan Sellers,McAdam,S08E13
Peggy Mannix,Woman,S08E13
Fatima Love,Secretary,S08E13
Nancy Linehan Charles,Woman Executive,S08E13
Jeff Hatz,Manager (Gene),S08E13
Jerry Seinfeld,Jerry Seinfeld,S08E14
Jason Alexander,George Costanza,S08E14
Julia Louis-Dreyfus,Elaine Benes,S08E14
Michael Richards,Cosmo Kramer,S08E14
Bruce Davison,Wyck,S08E14
Christine Taylor,Ellen,S08E14
Jed Rhein,Steven Koren,S08E14
Tony Colitti,Leader,S08E14
David Moscow,Lomez Jr,S08E14
Yunoka Doyle,Lydia,S08E14
Dublin James,Maurice,S08E14
Justine Slater,Melissa,S08E14
Michelle Maika,Kim,S08E14
Steve Hofvendahl,Man,S08E14
Barney Martin,Morty Seinfeld,S08E14
Liz Sheridan,Helen Seinfeld,S08E14
John O'Hurley,J Peterman,S08E14
Jerry Seinfeld,Jerry Seinfeld,S08E15
Jason Alexander,George Costanza,S08E15
Julia Louis-Dreyfus,Elaine Benes,S08E15
Michael Richards,Cosmo Kramer,S08E15
Lee Arenberg,Mike Moffit,S08E15
Shannon Kenny,Allison,S08E15
Megan Cole,Peggy,S08E15
Jane Edith Wilson,Woman,S08E15
John O'Hurley,J Peterman,S08E15
Richard Herd,Wilhelm,S08E15
Jerry Seinfeld,Jerry Seinfeld,S08E16
Jason Alexander,George Costanza,S08E16
Julia Louis-Dreyfus,Elaine Benes,S08E16
Michael Richards,Cosmo Kramer,S08E16
Kristin Davis,Jenna,S08E16
Jack McGee,Ralph,S08E16
George Kee Cheung,Owner,S08E16
Seraiah Carol,Mrs Allister,S08E16
Radmar Agana Jao,Delivery Boy,S08E16
Walter Addison,Man,S08E16
Wayne Knight,Newman,S08E16
Jerry Seinfeld,Jerry Seinfeld,S08E17
Jason Alexander,George Costanza,S08E17
Julia Louis-Dreyfus,Elaine Benes,S08E17
Michael Richards,Cosmo Kramer,S08E17
Lloyd Bridges,Izzy Mandelbaum,S08E17
Chelsea Noble,Danielle,S08E17
O'Neal Compton,Earl Haffler,S08E17
Lisa Mende,Carol,S08E17
Gene Dynarski,Izzy Mandelbaum Jr,S08E17
Marco Rodriguez,Guillermo,S08E17
Joseph Urla,Dugan,S08E17
Jill Talley,Gail,S08E17
Jill Holden,Lisa,S08E17
Todd Jeffries,Blaine,S08E17
Earl Schuman,Izzy Mandelbaum Sr,S08E17
Edgar Small,Sid Luckman,S08E17
Lauren Bowles,Waitress,S08E17
Juan Garcia,Jaime,S08E17
Jeff Miller,Neil,S08E17
Liz Sheridan,Helen Seinfeld,S08E17
Barney Martin,Morty Seinfeld,S08E17
John O'Hurley,J Peterman,S08E17
Jerry Seinfeld,Jerry Seinfeld,S08E18
Jason Alexander,George Costanza,S08E18
Julia Louis-Dreyfus,Elaine Benes,S08E18
Michael Richards,Cosmo Kramer,S08E18
Stephen Lee,Conrad,S08E18
Vince Grant,Hal,S08E18
Angelo Tiffe,Delivery Man,S08E18
Jonell Kennedy,Secretary,S08E18
Mik Scriba,Bomb Squad Guy,S08E18
Terry Rhoads,Father,S08E18
Sid Newman,Old Man,S08E18
Kevin Keckeisen,Brian,S08E18
Kyle Sullivan,Son,S08E18
Richard Herd,Wilhelm,S08E18
Jerry Seinfeld,Jerry Seinfeld,S08E19
Jason Alexander,George Costanza,S08E19
Julia Louis-Dreyfus,Elaine Benes,S08E19
Michael Richards,Cosmo Kramer,S08E19
Robert Wagner,Dr Abbott,S08E19
Jill St. John,Mrs Abbott,S08E19
Debra Messing,Beth,S08E19
Bryan Cranston,Dr Tim Whatley,S08E19
Suzanne Cryer,Marcy (The Yada Yada),S08E19
Stephen Caffrey,Arnie,S08E19
Henry Woronicz,Father Curtis,S08E19
Monica Lacey,Julie,S08E19
Ali Marsh,Karen,S08E19
David Chandler,Brian,S08E19
Virginia Watson,Nun,S08E19
Walter Franks,Waiter,S08E19
Jerry Maren,Dad,S08E19
Danny Woodburn,Mickey Abbott,S08E19
Jerry Seinfeld,Jerry Seinfeld,S08E20
Jason Alexander,George Costanza,S08E20
Julia Louis-Dreyfus,Elaine Benes,S08E20
Michael Richards,Cosmo Kramer,S08E20
Lauren Graham,Valerie,S08E20
Louan Gideon,Mrs Hamilton,S08E20
Victoria Mahoney,Gladys,S08E20
Michael Laskin,Minkler,S08E20
Bruce Jarchow,Mooney,S08E20
Maria Cina,Saleswoman,S08E20
Steve Koren,Himself,S08E20
Wayne Knight,Newman,S08E20
Richard Herd,Wilhelm,S08E20
Jerry Seinfeld,Jerry Seinfeld,S08E21
Jason Alexander,George Costanza,S08E21
Julia Louis-Dreyfus,Elaine Benes,S08E21
Michael Richards,Cosmo Kramer,S08E21
Rena Sofer,Mary Anne,S08E21
Melinda Clarke,Alex,S08E21
Chaim Jeraffi,Jiffy Dump Guy,S08E21
Sonya Eddy,Rebecca,S08E21
Barry Kramer,Bag Guy,S08E21
Elayn Taylor,Book Fan,S08E21
Paige Moss,Girl,S08E21
Viola Kates Simpson,Old Woman,S08E21
Jack Riley,Rider,S08E21
Bunny Summers,Rider,S08E21
Earl Carroll,Rider,S08E21
Norman Brenner,Rider,S08E21
Reuven Bar,Foreign Guy,S08E21
Vince Donvito,Passerby,S08E21
Chris Burmester,Passerby,S08E21
Deck McKenzie,Man,S08E21
Victoria Fischer,Bartender,S08E21
Keith Sellon-Wright,Guy,S08E21
Wayne Knight,Newman,S08E21
John O'Hurley,J Peterman,S08E21
Richard Fancy,Mr Lippman,S08E21
Jerry Seinfeld,Jerry Seinfeld,S08E22
Jason Alexander,George Costanza,S08E22
Julia Louis-Dreyfus,Elaine Benes,S08E22
Michael Richards,Cosmo Kramer,S08E22
Raquel Welch,Herself,S08E22
Molly Shannon,Sam,S08E22
Amanda Peet,Lanette,S08E22
Joe Urla,Dugan,S08E22
Victor Raider-Wexler,Doctor,S08E22
Peter Dennis,Lew,S08E22
Tucker Smallwood,Malcolm,S08E22
Wayne Wilderson,Walter,S08E22
Blake Gibbons,Lyle,S08E22
Adrian Sparks,Man,S08E22
Jane A. Johnston,Woman,S08E22
Lauren Bowles,Waitress,S08E22
Sue Goodman,Clerk,S08E22
Neil Flynn,Cop #1,S08E22
Tom Michael Bailey,Cop #2,S08E22
Denise Bessette,Therapist,S08E22
Dave Mandel,Himself,S08E22
John O'Hurley,J Peterman,S08E22
Jerry Seinfeld,Jerry Seinfeld,S09E01
Jason Alexander,George Costanza,S09E01
Julia Louis-Dreyfus,Elaine Benes,S09E01
Michael Richards,Cosmo Kramer,S09E01
Gordon Jump,Mr Thomassoulo,S09E01
Kristin Davis,Jenna,S09E01
Everett Greenbaum,McMaines,S09E01
Connie Sawyer,Old Woman,S09E01
Matthew Fonda,NBC Executive,S09E01
Chris Parnell,NBC Executive,S09E01
Frank Van Keeken,Vegetable Lasagna,S09E01
Shannon Whirry,Cute Girl,S09E01
Nancy Balbirer,Woman,S09E01
Erica Y. Becoat,Stewardess,S09E01
Torsten Voges,Cab Driver,S09E01
George Georgiadis,Cab Driver,S09E01
Brian Callaway,Passenger,S09E01
Wayne Knight,Newman,S09E01
Steve Hytner,Kenny Bania,S09E01
Patrick Warburton,David Puddy,S09E01
Jerry Seinfeld,Jerry Seinfeld,S09E02
Jason Alexander,George Costanza,S09E02
Julia Louis-Dreyfus,Elaine Benes,S09E02
Michael Richards,Cosmo Kramer,S09E02
Gordon Jump,Mr Thomassoulo,S09E02
Sara Rose Peterson,Claire,S09E02
Jarrad Paul,Darin,S09E02
Ella Joyce,Dean Jones,S09E02
Nancy Balbirer,Alice,S09E02
Brian J. Williams,Glenn,S09E02
Cindy Lu,Worker,S09E02
Patrick Warburton,David Puddy,S09E02
Jerry Seinfeld,Jerry Seinfeld,S09E03
Jason Alexander,George Costanza,S09E03
Julia Louis-Dreyfus,Elaine Benes,S09E03
Michael Richards,Cosmo Kramer,S09E03
Lori Loughlin,Patty,S09E03
Ross Malinger,Adam,S09E03
Matt McCoy,Lloyd Braun,S09E03
Bruce Mahler,Rabbi Glickman,S09E03
Jerry Stiller,Frank Costanza,S09E03
Estelle Harris,Estelle Costanza,S09E03
Richard Fancy,Mr Lippman,S09E03
Jerry Seinfeld,Jerry Seinfeld,S09E04
Jason Alexander,George Costanza,S09E04
Julia Louis-Dreyfus,Elaine Benes,S09E04
Michael Richards,Cosmo Kramer,S09E04
Kellie Waymire,Vivian,S09E04
Audrey Kissel,Tara,S09E04
Colton James,Jimmy,S09E04
Gene Dynarski,Izzy Mandelbaum Jr,S09E04
Yvonne Farrow,Employee,S09E04
Lloyd Bridges,Izzy Mandelbaum,S09E04
Wayne Knight,Newman,S09E04
Barney Martin,Morty Seinfeld,S09E04
Liz Sheridan,Helen Seinfeld,S09E04
Jerry Seinfeld,Jerry Seinfeld,S09E05
Jason Alexander,George Costanza,S09E05
Julia Louis-Dreyfus,Elaine Benes,S09E05
Michael Richards,Cosmo Kramer,S09E05
Laurie Taylor-Williams,Rhisa,S09E05
Toby Huss,Jack,S09E05
Dana Gould,Frankie,S09E05
Richard Kuhlman,Man,S09E05
Montrose Hagins,Old Woman (Betty),S09E05
Peggy Blow,Mail Clerk,S09E05
Clement E. Blake,Dirt Person #1,S09E05
D.A. Johnson,Dirt Person #2,S09E05
Wilford Brimley,Postmaster General Henry Atkins,S09E05
Wayne Knight,Newman,S09E05
Jerry Stiller,Frank Costanza,S09E05
Estelle Harris,Estelle Costanza,S09E05
Patrick Warburton,David Puddy,S09E05
Jerry Seinfeld,Jerry Seinfeld,S09E06
Jason Alexander,George Costanza,S09E06
Julia Louis-Dreyfus,Elaine Benes,S09E06
Michael Richards,Cosmo Kramer,S09E06
Rick Hall,Vet,S09E06
Brent Hinkley,Lou,S09E06
Julia Pennington,Celia,S09E06
Arabella Field,Miranda,S09E06
Jim Fowler,Himself,S09E06
Wayne Knight,Newman,S09E06
John O'Hurley,J Peterman,S09E06
Jerry Stiller,"Frank Costanza (voice only, uncredited)",S09E06
Estelle Harris,"Estelle Costanza (voice only, uncredited)",S09E06
Jerry Seinfeld,Jerry Seinfeld,S09E07
Jason Alexander,George Costanza,S09E07
Julia Louis-Dreyfus,Elaine Benes,S09E07
Michael Richards,Cosmo Kramer,S09E07
Marcia Cross,Sara,S09E07
Daniel Von Bargen,Kruger,S09E07
Larry B. Scott,Arthur Milano,S09E07
David Moreland,Mr Parry,S09E07
Jerry Seinfeld,Jerry Seinfeld,S09E08
Jason Alexander,George Costanza,S09E08
Julia Louis-Dreyfus,Elaine Benes,S09E08
Michael Richards,Cosmo Kramer,S09E08
Brenda Strong,Sue Ellen Mischke,S09E08
Micheal McShane,FDR (Franklin Delano Romanosky),S09E08
Justine Miceli,Nina,S09E08
Bart Braverman,Zubin,S09E08
Noor Shic,Usha,S09E08
Jocelyne Kelly,Model,S09E08
Brian Kaiser,Postman,S09E08
Shelley Malil,Usher,S09E08
Bill Lee Brown,Partygoer,S09E08
Wayne Knight,Newman,S09E08
Heidi Swedberg,Susan Biddle Ross,S09E08
Jerry Seinfeld,Jerry Seinfeld,S09E09
Jason Alexander,George Costanza,S09E09
Julia Louis-Dreyfus,Elaine Benes,S09E09
Michael Richards,Cosmo Kramer,S09E09
James Spader,Jason Hanke,S09E09
Megan Cole,Peggy,S09E09
Kathleen McClellan,Melissa,S09E09
Jack Hackett,Alan,S09E09
Michael Fishman,Gregg,S09E09
David Dunard,Leader,S09E09
Wayne Wilderson,Walter,S09E09
Brian Levinson,Andy,S09E09
Eric Simonson,Friend,S09E09
John O'Hurley,J Peterman,S09E09
Patrick Warburton,David Puddy,S09E09
Jerry Seinfeld,Jerry Seinfeld,S09E10
Jason Alexander,George Costanza,S09E10
Julia Louis-Dreyfus,Elaine Benes,S09E10
Michael Richards,Cosmo Kramer,S09E10
Daniel Von Bargen,Kruger,S09E10
Karen Fineman,Gwen,S09E10
Dave Florek,Harry,S09E10
Kevin Hamilton MacDonald,Denim Vest,S09E10
Tracy Letts,Counterguy,S09E10
Amit Itelman,Employee,S09E10
Stacey Herring,Sandy,S09E10
Colin Malone,Sleazy Guy,S09E10
Jerry Dixon,Customer,S09E10
Jerry Stiller,Frank Costanza,S09E10
Estelle Harris,Estelle Costanza,S09E10
Bryan Cranston,Dr Tim Whatley,S09E10
Jerry Seinfeld,Jerry Seinfeld,S09E11
Jason Alexander,George Costanza,S09E11
Julia Louis-Dreyfus,Elaine Benes,S09E11
Michael Richards,Cosmo Kramer,S09E11
Daniel Hagen,Rick,S09E11
Joel McCrary,Don,S09E11
Michael Kagan,Willie,S09E11
Dee Freeman,Service Assistant,S09E11
Rif Hutton,Salesman,S09E11
Howard Mann,Willie Sr,S09E11
Steve Susskind,Customer #1,S09E11
Loretta Fox,Customer #2,S09E11
Catherine Schreiber,Saleswoman,S09E11
Unknown,Cab Driver (uncredited),S09E11
Patrick Warburton,David Puddy,S09E11
Jerry Seinfeld,Jerry Seinfeld,S09E12
Jason Alexander,George Costanza,S09E12
Julia Louis-Dreyfus,Elaine Benes,S09E12
Michael Richards,Cosmo Kramer,S09E12
Jon Polito,Silvio,S09E12
Pat Finn,Joe Mayo,S09E12
Jennette Robbins,Keri,S09E12
Fitz Houston,COP:,S09E12
Joe Basile,Delivery Guy,S09E12
Lauren Bowles,Waitress,S09E12
Wayne Knight,Newman,S09E12
Patrick Warburton,David Puddy,S09E12
Jerry Seinfeld,Jerry Seinfeld,S09E13
Jason Alexander,George Costanza,S09E13
Julia Louis-Dreyfus,Elaine Benes,S09E13
Michael Richards,Cosmo Kramer,S09E13
Kathy Griffin,Sally Weaver,S09E13
Tracy Nelson,Janet,S09E13
Joe Urla,Dugan,S09E13
Paul Benedict,Mr Elinoff,S09E13
Bart McCarthy,Cab Driver,S09E13
Wayne Knight,Newman,S09E13
John O'Hurley,J Peterman,S09E13
Jerry Seinfeld,Jerry Seinfeld,S09E14
Jason Alexander,George Costanza,S09E14
Julia Louis-Dreyfus,Elaine Benes,S09E14
Michael Richards,Cosmo Kramer,S09E14
Illeana Douglas,Loretta,S09E14
Alex Kapp,Maura,S09E14
Louis Mustillo,Phil,S09E14
Nicholas Paul Walker,Glenn,S09E14
Mary Scheer,Ms Smoth,S09E14
Bonnie McNeil,Alison,S09E14
Rosie Malek-Yonan,Wife,S09E14
Jerry Seinfeld,Jerry Seinfeld,S09E15
Jason Alexander,George Costanza,S09E15
Julia Louis-Dreyfus,Elaine Benes,S09E15
Michael Richards,Cosmo Kramer,S09E15
Grace Zabriskie,Mrs Ross,S09E15
Warren Frost,Mr (Henry) Ross,S09E15
Samuel Bliss Cooper,Darryl,S09E15
Edgar Small,Sid Luckman,S09E15
Vic Helford,Tom,S09E15
Michael McShane,FDR (Franklin Delano Romanosky),S09E15
Bahni Turpin,Waitress #1,S09E15
Constance Zimmer,Waitress #2,S09E15
Jeanette Miller,Old Woman,S09E15
Murray Rubin,Rubin,S09E15
Liz Sheridan,Helen Seinfeld,S09E15
Barney Martin,Morty Seinfeld,S09E15
Jerry Seinfeld,Jerry Seinfeld,S09E16
Jason Alexander,George Costanza,S09E16
Julia Louis-Dreyfus,Elaine Benes,S09E16
Michael Richards,Cosmo Kramer,S09E16
Daniel Von Bargen,Kruger,S09E16
Cindy Ambuehl,Sophie,S09E16
Henry Woronicz,Father Curtis,S09E16
Ursaline Bryant,Dr Wexler,S09E16
Daniel Dae Kim,Student #1,S09E16
Alex Craig Mann,Student #2,S09E16
Brian Posehn,Artie,S09E16
Alec Holland,Co-Worker #1,S09E16
Suli McCullough,Co-Worker #2,S09E16
Patrick Warburton,David Puddy,S09E16
Danny Woodburn,Mickey Abbott,S09E16
Jerry Seinfeld,Jerry Seinfeld,S09E17
Jason Alexander,George Costanza,S09E17
Julia Louis-Dreyfus,Elaine Benes,S09E17
Michael Richards,Cosmo Kramer,S09E17
Jonathan Penner,Zach,S09E17
Ted Rooney,Crichton,S09E17
John Gries,Rusty,S09E17
Sonya Eddy,Rebecca DeMornay,S09E17
Merrin Dungey,Cashier,S09E17
Kevin Ruf,Security Guard,S09E17
Heather Morgan,Server,S09E17
Lauren Bowles,Waitress,S09E17
Mark Daniel Cade,Walter,S09E17
Sloppy Joe,Hobo Joe,S09E17
Wayne Knight,Newman,S09E17
Barney Martin,Morty Seinfeld,S09E17
Liz Sheridan,Helen Seinfeld,S09E17
John O'Hurley,J Peterman,S09E17
Len Lesser,Uncle Leo,S09E17
Jerry Seinfeld,Jerry Seinfeld,S09E18
Jason Alexander,George Costanza,S09E18
Julia Louis-Dreyfus,Elaine Benes,S09E18
Michael Richards,Cosmo Kramer,S09E18
Julia Campbell,Lisi,S09E18
Peter Stormare,Slippery Pete,S09E18
Reuven Bar,Shlomo,S09E18
Sam Shamshak,Sal,S09E18
Wayne Wilderson,Walter,S09E18
Mark Daniel Cade,Other Walter,S09E18
Jack Esformes,Mike,S09E18
Melissa Denton,Kobe,S09E18
Oliver Muirhead,Lubeck,S09E18
Drake Bell,Kenny,S09E18
John O'Hurley,J Peterman,S09E18
Jerry Seinfeld,Jerry Seinfeld,S09E19
Jason Alexander,George Costanza,S09E19
Julia Louis-Dreyfus,Elaine Benes,S09E19
Michael Richards,Cosmo Kramer,S09E19
Daniel Von Bargen,Kruger,S09E19
Angela Featherstone,Cindy,S09E19
Anthony Crivello,Maxwell,S09E19
Markus Flanagan,Charles,S09E19
Sam Whipple,Phone Guy #1,S09E19
Kyle Colerider-Krugh,Phone Guy #2,S09E19
Steve Franken,Brendan,S09E19
Davenia McFadden,Coco,S09E19
Damon Jones,Watkins,S09E19
Chip Chinery,Co-Worker #1,S09E19
Colin McClean,Co-Worker #2,S09E19
Anthony Mangano,Fireman,S09E19
Jerry Seinfeld,Jerry Seinfeld,S09E20
Jason Alexander,George Costanza,S09E20
Julia Louis-Dreyfus,Elaine Benes,S09E20
Michael Richards,Cosmo Kramer,S09E20
Mario Joyner,Lamar,S09E20
Dayton Callie,Cabbie,S09E20
James Karen,Mr Canterman,S09E20
Helen Carey,Mrs Christine Nyhart,S09E20
Yul Vasquez,Bob,S09E20
John Paragon,Cedric,S09E20
Jenica Bergere,Leslie,S09E20
Monica Allison,Gail,S09E20
Marcelo Tubert,Father,S09E20
Armando Molina,Amigo,S09E20
Tom Agna,Gary,S09E20
Tom Dahlgren,Priest,S09E20
Bert Rosario,Man,S09E20
Raoul N. Rizik,Parade Goer,S09E20
Scott Conte,Sketch Guy,S09E20
Mimi Cozzens,Mrs Canterman,S09E20
Alison Martin,Lucy,S09E20
Marc Hirschfeld,Ellis,S09E20
Chip Heller,Policeman,S09E20
Jerry Seinfeld,Jerry Seinfeld,S09E23
Jason Alexander,George Costanza,S09E23
Julia Louis-Dreyfus,Elaine Benes,S09E23
Michael Richards,Cosmo Kramer,S09E23
Peter Blood,Jay Crespi,S09E23
David Byrd,Pharmacist,S09E23
Steve Carlson,Captain Maddox,S09E23
David Dunard,Guard,S09E23
Donna Evans,Woman,S09E23
Geoffrey C. Ewing,Bailiff,S09E23
Warren Frost,Mr (Henry) Ross,S09E23
Keith Hernandez,Himself,S09E23
Scott Jaeck,Officer Vogel,S09E23
Wendle Josepher,Susie,S09E23
Robert Katims,Mr Deensfrei,S09E23
Scott Klace,Guard,S09E23
Bruce Mahler,Rabbi Glickman,S09E23
Ed O'Ross,Det Blake,S09E23
Kevin Page,Stu Chermak,S09E23
James Pickens Jr.,Det Hudson,S09E23
John Pinette,Howie,S09E23
Victor Raider-Wexler,Dr Wexler,S09E23
James Rebhorn,DA Hoyt,S09E23
Peter Riegert,Kimbrough,S09E23
Geraldo Rivera,Himself,S09E23
McNally Sagal,Carol,S09E23
Gay Thomas,O'Neal,S09E23
Myra Turley,Foreman,S09E23
Jane Wells,Herself,S09E23
Grace Zabriskie,Mrs Ross,S09E23
Van Epperson,Passerby,S09E23
Jeff Johnson,Criminal,S09E23
Sean Moran,Man,S09E23
Dianne Turley Travis,Receptionist,S09E23
Jim Zulevic,Bernie,S09E23
Wayne Knight,Newman,S09E23
Jerry Stiller,Frank Costanza,S09E23
Estelle Harris,Estelle Costanza,S09E23
Liz Sheridan,Helen Seinfeld,S09E23
Barney Martin,Morty Seinfeld,S09E23
Steve Hytner,Kenny Bania,S09E23
Len Lesser,Uncle Leo,S09E23
Phil Morris,Jackie Chiles,S09E23
John O'Hurley,J Peterman,S09E23
Patrick Warburton,David Puddy,S09E23
Danny Woodburn,Mickey Abbott,S09E23
