Writers,SEID
Larry David,S01E00
Jerry Seinfeld,S01E00
Larry David,S01E01
Jerry Seinfeld,S01E01
Matt Goldman,S01E02
Larry David,S01E03
Jerry Seinfeld,S01E03
Larry David,S01E04
Jerry Seinfeld,S01E04
Larry David,S02E01
Jerry Seinfeld,S02E01
Larry David,S02E02
Jerry Seinfeld,S02E02
Larry David,S02E03
Jerry Seinfeld,S02E03
Larry David,S02E04
Jerry Seinfeld,S02E04
Peter Mehlman,S02E05
Larry David,S02E06
Larry David,S02E07
Larry Charles,S02E08
Larry Charles,S02E09
Larry Charles,S02E10
Larry David,S02E11
Jerry Seinfeld,S02E11
Larry David,S02E12
Jerry Seinfeld,S02E12
Larry David,S03E01
Elaine Pope,S03E02
Larry David,S03E03
Larry David,S03E04
Larry Charles,S03E05
Larry David,S03E06
Tom Leopold,S03E07
Larry David,S03E08
Bob Shaw,S03E08
Don McEnery,S03E08
Peter Mehlman,S03E09
Larry David,S03E10
Jerry Seinfeld,S03E10
Matt Goldman,S03E10
Larry David,S03E11
Bill Masters,S03E11
Larry David,S03E12
Larry David,S03E13
Larry David,S03E14
Tom Leopold,S03E15
Elaine Pope,S03E16
Larry Charles,S03E16
Larry David,S03E17
Larry Levin,S03E17
Larry David,S03E18
Larry Levin,S03E18
Larry Charles,S03E19
Peter Mehlman,S03E20
Larry David,S03E21
Larry David,S03E22
Greg Daniels,S03E22
Larry Charles,S03E23
Larry Charles,S04E01
Larry Charles,S04E02
Larry Charles,S04E03
Larry David,S04E04
Larry David,S04E05
Larry David,S04E06
Larry David,S04E07
Larry Charles,S04E07
Larry David,S04E08
Larry Charles,S04E08
Larry Charles,S04E09
Peter Mehlman,S04E10
Larry David,S04E11
Larry Charles,S04E12
Larry Charles,S04E13
Steve Skrovan,S04E14
Bill Masters,S04E14
Jon Hayman,S04E14
Peter Mehlman,S04E15
Larry David,S04E16
Jerry Seinfeld,S04E16
Larry Charles,S04E17
Bruce Kirschbaum,S04E18
Peter Mehlman,S04E19
Andy Robin,S04E20
Larry David,S04E21
Peter Mehlman,S04E21
Larry David,S04E22
Larry David,S04E23
Larry David,S04E24
Lawrence H Levy,S05E01
Larry David,S05E01
Larry David,S05E02
Tom Gammill,S05E03
Max Pross,S05E03
Larry David,S05E04
Jerry Seinfeld,S05E04
Larry Charles,S05E05
Carol Leifer,S05E06
Larry David,S05E07
Andy Robin,S05E08
Peter Mehlman,S05E09
Tom Gammill,S05E10
Max Pross,S05E10
Bruce Kirschbaum,S05E11
Larry Charles,S05E12
Larry David,S05E13
Ron Hague,S05E14
Charlie Rubin,S05E14
Tom Gammill,S05E15
Max Pross,S05E15
Larry David,S05E16
Peter Mehlman,S05E17
Tom Gammill,S05E18
Max Pross,S05E18
Larry David,S05E18
Jerry Seinfeld,S05E18
Larry Charles,S05E20
Peter Mehlman,S05E21
Carol Leifer,S05E21
Andy Cowan,S05E22
Larry David,S05E22
Jerry Seinfeld,S05E22
Larry David,S06E01
Bill Masters,S06E01
Bob Shaw,S06E01
Larry David,S06E02
Tom Gammill,S06E03
Max Pross,S06E03
Peter Mehlman,S06E04
Larry David,S06E05
Alec Berg,S06E06
Jeff Schaffer,S06E06
Fred Stoller,S06E07
Tom Gammill,S06E08
Max Pross,S06E08
Carol Leifer,S06E09
Marjorie Gross,S06E09
Tom Gammill,S06E10
Max Pross,S06E10
Larry David,S06E10
Bruce Kirschbaum,S06E11
Sam Kass,S06E11
Alec Berg,S06E12
Jeff Schaffer,S06E12
Peter Mehlman,S06E13
Carol Leifer,S06E16
Larry David,S06E17
Jerry Seinfeld,S06E17
Tom Gammill,S06E18
Max Pross,S06E18
Gregg Kavet,S06E19
Andy Robin,S06E19
Alec Berg,S06E20
Jeff Schaffer,S06E20
Marjorie Gross,S06E21
Tom Gammill,S06E22
Max Pross,S06E22
Larry David,S06E23
Marjorie Gross,S06E24
Carol Leifer,S06E24
Larry David,S07E01
Larry David,S07E02
Larry David,S07E03
Tom Gammill,S07E04
Max Pross,S07E04
Gregg Kavet,S07E05
Andy Robin,S07E05
Spike Feresten,S07E06
Alec Berg,S07E07
Jeff Schaffer,S07E07
David Mandel,S07E08
Peter Mehlman,S07E09
Tom Gammill,S07E10
Max Pross,S07E10
Carol Leifer,S07E11
Gregg Kavet,S07E12
Andy Robin,S07E12
Alec Berg,S07E13
Jeff Schaffer,S07E13
Larry David,S07E14
Jerry Seinfeld,S07E14
Larry David,S07E15
Jerry Seinfeld,S07E15
Peter Mehlman,S07E16
Marjorie Gross,S07E16
Tom Gammill,S07E17
Max Pross,S07E17
David Mandel,S07E18
Spike Feresten,S07E19
Alec Berg,S07E20
Jeff Schaffer,S07E20
Gregg Kavet,S07E21
Andy Robin,S07E21
Gregg Kavet,S07E22
Andy Robin,S07E22
Peter Mehlman,S07E23
Larry David,S07E24
Alec Berg,S08E01
Jeff Schaffer,S08E01
Peter Mehlman,S08E02
David Mandel,S08E03
Spike Feresten,S08E04
Jennifer Crittenden,S08E05
Gregg Kavet,S08E06
Andy Robin,S08E06
Steve ODonnell,S08E07
Tom Gammill,S08E07
Max Pross,S08E07
Alec Berg,S08E08
Jeff Schaffer,S08E08
Steve Koren,S08E09
Spike Feresten,S08E10
Jennifer Crittenden,S08E11
Peter Mehlman,S08E12
Gregg Kavet,S08E13
Andy Robin,S08E13
Darin Henry,S08E14
David Mandel,S08E15
Steve ODonnell,S08E16
Dan OKeefe,S08E16
Steve Koren,S08E17
Gregg Kavet,S08E18
Andy Robin,S08E18
Peter Mehlman,S08E19
Jill Franklyn,S08E19
Jennifer Crittenden,S08E20
Spike Feresten,S08E21
Alec Berg,S08E22
Jeff Schaffer,S08E22
Alec Berg,S09E01
Jeff Schaffer,S09E01
David Mandel,S09E01
Alec Berg,S09E02
Jeff Schaffer,S09E02
David Mandel,S09E02
Steve Koren,S09E03
Dan OKeefe,S09E04
Spike Feresten,S09E05
Bruce Eric Kaplan,S09E06
Gregg Kavet,S09E07
Andy Robin,S09E07
David Mandel,S09E08
Peter Mehlman,S09E08
Jennifer Crittenden,S09E09
Dan OKeefe,S09E10
Alec Berg,S09E10
Jeff Schaffer,S09E10
Steve Koren,S09E11
Spike Feresten,S09E12
Bruce Eric Kaplan,S09E13
Dan OKeefe,S09E14
Steve Lookner,S09E15
Jennifer Crittenden,S09E16
Spike Feresten,S09E17
Gregg Kavet,S09E18
Andy Robin,S09E18
Alec Berg,S09E19
David Mandel,S09E19
Jeff Schaffer,S09E19
Alec Berg,S09E20
Jennifer Crittenden,S09E20
Spike Feresten,S09E20
Bruce Eric Kaplan,S09E20
Gregg Kavet,S09E20
Steve Koren,S09E20
David Mandel,S09E20
Dan OKeefe,S09E20
Andy Robin,S09E20
Jeff Schaffer,S09E20
Larry David,S09E23
